peakID, mass, rt, intensity
0, 214.5371685854582, 1192.6953254792793, 15388.89089091852
1, 223.04743842609489, 1187.8160259179208, 16132.841598020768
2, 235.04119493007155, 1192.2419206189427, 17022.931595118793
3, 255.53744823971317, 1197.3609348206844, 16135.803090121472
4, 428.0242910751751, 1194.5355324441043, 17153.459983268767
5, 445.05689602699846, 1176.248958520446, 16818.472032826183
6, 450.0045061033508, 1176.8888874175136, 16543.30658282951
7, 460.07378789366476, 1181.4697020925075, 16527.128555199208
8, 469.06003557574803, 1206.838038124124, 17429.815301327464
9, 491.0703592553987, 1186.2544420319944, 16754.569574363995
10, 510.07451487226604, 1192.6035971094134, 16793.065949910888
11, 855.0607916389794, 1183.752877345733, 16643.683042072258
12, 877.0577247780407, 1204.9765595111835, 15772.03447022604
13, 896.1054111165603, 1188.5469949836513, 14393.499468602558
14, 250.0784184033073, 852.2104019603636, 143116.67269674948
15, 251.08807865901227, 852.851413502047, 13008.371531729914
16, 250.53619787581871, 859.6350669683801, 27213.01062537971
17, 258.5759242030656, 867.5872951284614, 143716.14683923585
18, 259.5634267545146, 872.3034262047423, 14194.316101220193
19, 259.0953034328283, 859.1643169939755, 25010.689100281237
20, 270.5809118115226, 863.5560040751159, 140157.79631744054
21, 271.56705962311304, 894.180537965522, 12846.294159796827
22, 271.06510232084, 861.4636060242193, 28003.52069672209
23, 291.10169967509427, 874.5446781297758, 136367.6931122777
24, 292.1181619546145, 859.8378087560626, 11433.263517918114
25, 291.6003208016781, 883.6135085860808, 31527.723853982025
26, 499.09747228213837, 871.3695565522087, 145549.6873774918
27, 501.1203072769686, 866.2190787992852, 12747.453941483987
28, 500.1022397411521, 877.5060536132654, 26038.396579197386
29, 516.1366285726219, 878.7357826945091, 142625.67588609725
30, 518.1220464920918, 874.6099094604089, 12137.42303146284
31, 517.1389704786726, 867.5179022655395, 25186.83443223567
32, 521.0809366779105, 872.0236807420106, 144518.41215219884
33, 523.0750899986987, 896.0651020735656, 12743.952317324536
34, 522.0782846053227, 869.418073043058, 23031.70416384977
35, 531.1360556516014, 885.672474975225, 140638.472500032
36, 533.1323939028142, 865.2422960240792, 12953.694248619899
37, 532.1686937515232, 884.0105430636875, 27001.576977457764
38, 540.1439537033843, 870.7939337392299, 141443.68610890335
39, 542.1356442145216, 859.7601420948118, 11988.569871259122
40, 541.1475655348963, 856.565795441102, 26992.787419126656
41, 562.1238216247405, 875.0888514382589, 139530.7055937616
42, 564.1304380382257, 870.7983806684557, 13175.623758089992
43, 563.1325124953921, 858.5336202591043, 27608.902130580755
44, 581.1511796588554, 853.7160295610574, 133731.10907773802
45, 583.1651600714378, 853.500448640754, 11382.6180924438
46, 582.179306093631, 882.5463275404855, 28551.18581908561
47, 997.2463188063138, 867.515522373849, 104986.24261812684
48, 999.2394498450676, 874.2830167238405, 18769.181359404687
49, 998.220382641148, 878.2200506006453, 37631.74165831812
50, 1000.2307781051651, 859.3858287172927, 7480.019887999648
51, 1019.2312067992781, 879.6833284823141, 105991.17691056899
52, 1021.1996138917843, 863.6119556477283, 20177.99677320236
53, 1020.2141385442827, 865.6270548233242, 34944.733463201446
54, 1022.1947756952152, 866.6098789341097, 6785.4052259179325
55, 1021.2148923956372, 872.136687982825, 5953.91489343309
56, 1038.2721047943912, 853.8376751497353, 101299.41953565512
57, 1040.2571805373454, 870.2303996545106, 16649.766076034335
58, 1039.2549115585782, 868.251833727311, 36588.56847226364
59, 1041.2446241948116, 872.6328658151075, 6054.709552684874
60, 1040.2634003468513, 857.4505551986414, 6356.366682171753
61, 73.56735948572047, 1129.621050221131, 64955.999763207896
62, 74.07448951400414, 1141.8705647719348, 6554.174453519041
63, 82.0795427923963, 1140.6303526381812, 68029.32967187901
64, 94.09269021933855, 1104.8410677476134, 65045.01415019731
65, 114.62022295246908, 1134.238856798796, 63854.200346372
66, 115.08958519562299, 1149.0671909674609, 7526.419829441231
67, 146.1114059485935, 1111.041798683134, 65289.33027241571
68, 147.11929860526462, 1135.500838145899, 6334.303781169996
69, 163.1510080553475, 1113.6840504390052, 66078.38245893334
70, 168.1114776978946, 1125.1994312651946, 67245.3728983134
71, 178.14722221862502, 1126.06268316088, 63892.38633523717
72, 179.13269392356912, 1128.5517269970783, 5587.764053189516
73, 187.15088389072622, 1121.4510578693437, 65577.39633531551
74, 188.1434024514088, 1126.2838274487603, 6382.729961989013
75, 209.1636898459731, 1128.598154426078, 62046.70371225687
76, 210.13506968788795, 1126.4211388788344, 5386.630713754234
77, 228.19802068094387, 1101.1627340298865, 63909.78188251035
78, 229.15830736557874, 1131.2183542739328, 8675.736964704327
79, 291.2064041475102, 1136.7617636619068, 60891.198822723025
80, 292.2269471169687, 1112.8557929124142, 8273.731568052308
81, 313.1824621539501, 1114.189695532021, 59645.60251440766
82, 314.2254864821508, 1127.1243206093507, 11288.819604199085
83, 332.22540466615646, 1104.0552786651663, 58985.2072051334
84, 333.2565903297194, 1119.6014125613947, 9782.277693020102
85, 74.51331436956217, 1126.4959980955966, 37110.522433431375
86, 83.04913114641559, 1127.998863447505, 34532.58936123486
87, 95.02399048863289, 1116.5615641008008, 37053.03256969822
88, 115.54597212838831, 1110.5248720271159, 33157.30829761181
89, 148.03737975546414, 1088.3763491767636, 34648.609363739124
90, 165.07307125562667, 1111.756081916314, 36410.29081918566
91, 170.02441461887238, 1104.2868619958483, 36535.60634042669
92, 180.05328765619666, 1119.5272039862296, 35206.814701946554
93, 189.07285801862776, 1144.3591923688793, 36251.177747156136
94, 211.05463950669784, 1090.5876586803045, 35837.5621821118
95, 230.12639508820217, 1120.984318686608, 33208.597233262655
96, 295.12710111906165, 1115.0529626717685, 33744.03967175561
97, 317.1211190872337, 1143.0355084026228, 33085.522357438385
98, 336.1503865288873, 1111.4193622228815, 34009.38988274517
99, 337.1146431025764, 1100.8944369355738, 6398.903160945405
100, 121.03582780777953, 724.5052872971592, 87808.29692306112
101, 122.01376480381523, 736.3130811025997, 6804.013341234058
102, 121.50452713231117, 725.4806112652282, 7519.5433373838
103, 129.52037357471113, 732.6151988464444, 88965.61254275522
104, 130.52370811006904, 715.651614552378, 8076.696994389391
105, 130.0333328860457, 735.9960042613172, 6750.144113801807
106, 141.53648266372198, 705.8388442181327, 87547.96380255502
107, 142.5385344880381, 705.9694384060558, 7429.390498875441
108, 142.03327056896336, 728.5364923387151, 6089.328985647651
109, 162.01843051294603, 713.79251109492, 82997.02791620417
110, 163.02334577479664, 700.4983132143635, 7333.970213302299
111, 162.54453389062417, 719.9646944206143, 9590.66581594825
112, 241.0548128822707, 713.3336418133724, 88179.80220411983
113, 243.0334888892572, 748.5880071902317, 8300.76933691424
114, 258.0537683129407, 706.2982012581398, 88921.07921355736
115, 260.03724243091, 737.7221482892677, 8754.509329566605
116, 259.090227877671, 714.2320334505337, 6401.614645885843
117, 263.01885485882633, 729.4884154209009, 88791.61530344107
118, 265.0111952453981, 713.2851181693384, 7029.022352668271
119, 264.012202638939, 735.0968638067139, 5713.576645497853
120, 273.0796623266634, 703.7608249423633, 85829.75869382439
121, 275.05571204179034, 690.1729017423239, 7786.038745061942
122, 274.0553970793452, 712.8256937460945, 7091.329520871662
123, 282.0559074080565, 709.4561514850124, 85499.11287112357
124, 284.0643416208169, 730.5454525990482, 6765.480941065623
125, 283.05294451235835, 723.8494829668155, 6531.215578918206
126, 304.03921613473483, 741.9604992156811, 87329.86194494067
127, 306.0545127416915, 728.9106397379761, 8102.005229493797
128, 305.05767903489965, 716.2746546127541, 5801.913264477715
129, 323.0859201647228, 739.4658812648684, 84226.74585352269
130, 325.07398641335675, 726.8834278169546, 8448.628271646465
131, 324.0963063555036, 723.6201072098314, 8772.945113919262
132, 481.0502763010215, 720.1539371854386, 72746.71043220186
133, 483.0578455441739, 740.0595607700317, 13289.345444377972
134, 482.0538772633976, 707.6082545662852, 10200.378156967858
135, 503.040964569615, 740.8594541321874, 74019.69421819646
136, 505.04880209606415, 698.2057166452412, 13535.705852516146
137, 504.06198793306544, 714.4163939449352, 8293.480186110544
138, 522.085458036829, 734.8736261302715, 70517.23963826933
139, 524.0821867484776, 732.1351261871671, 13145.194969144253
140, 523.1254762675052, 713.9727511768887, 11357.786502959543
141, 61.99370295500388, 678.9362715280115, 115394.43066471169
142, 62.54014613502343, 685.2898430912763, 7886.958694771323
143, 70.53668833763435, 644.6539804579346, 116125.0620062614
144, 71.06047570933727, 657.1844629857244, 9609.269110539944
145, 82.55552764314656, 659.5875678058079, 111970.88130576
146, 83.05941103226918, 658.937995592201, 11663.249239516257
147, 103.05296467039804, 666.9359251962078, 109727.23655931775
148, 103.55127197284271, 701.1850988981938, 12851.02586815139
149, 123.02189856791333, 668.7647606590353, 115377.80607296804
150, 124.03424630755177, 662.0904931983522, 9046.16575772552
151, 140.08279052592025, 692.0808666314032, 115512.0692170567
152, 141.05682982982194, 647.1557346986077, 9078.654899520365
153, 145.022699401786, 652.852732002198, 115046.09417186017
154, 146.04185853684817, 666.287564048662, 8615.762705100251
155, 155.04481735359948, 681.5268043537495, 115155.95683195037
156, 156.07518571616546, 666.3320027543891, 9812.575959214386
157, 164.0817787167263, 668.7556735007902, 112278.55059130504
158, 165.07294807795253, 657.6959321976196, 10714.10340312273
159, 186.04315271727273, 673.8537833251207, 113139.93137372211
160, 187.0671039978498, 670.2937729690776, 10015.922511328741
161, 205.09248632024998, 655.4695001724715, 109982.89300578619
162, 206.10272913103802, 665.9419430915904, 13285.343474237718
163, 245.04993841677208, 657.9986038800348, 107318.02817954408
164, 246.07330188520444, 671.0403163118689, 16956.491174981824
165, 267.07162092732534, 677.2612433041285, 106867.84532568764
166, 268.0768320841166, 676.6955992128162, 16762.330299297224
167, 286.1044625697548, 653.1415273890686, 102557.8726580232
168, 287.1168177438139, 661.8573635793156, 17990.391200542756
169, 102.57899145632405, 1257.1776269092738, 135815.2131220632
170, 103.08888512834004, 1278.5332821909606, 11856.093410416808
171, 111.06839510599883, 1289.9949416725772, 134575.63391338146
172, 111.5811228883904, 1254.244228320128, 12575.01731394512
173, 123.09802141051772, 1244.5114678957743, 131825.81605049202
174, 123.59025954789156, 1269.5488728565415, 15544.617120392593
175, 143.6008640595728, 1258.6682600418849, 128236.0561223855
176, 144.1070888846538, 1264.180150489385, 18875.074254228362
177, 204.14462828036702, 1305.5307991705483, 136138.41894685928
178, 205.1362238358131, 1288.9890434577826, 13370.2807576423
179, 221.13938550435438, 1261.215132955779, 134859.29099188445
180, 222.14645878566148, 1275.8292962298044, 12669.71557039991
181, 226.08953831580067, 1290.2348830590083, 136441.72849072373
182, 227.1085102782853, 1267.4790857433711, 12612.222644180169
183, 236.16573253190458, 1234.5296063638427, 133281.45259898482
184, 237.15744409786296, 1256.5330267898182, 15180.657352483488
185, 245.15121583362017, 1279.5002215201423, 130988.8939224942
186, 246.16184000303946, 1282.1052165496806, 17329.153933932124
187, 267.13043020810454, 1279.6693887657143, 132794.46312845533
188, 268.1171661369826, 1290.8667191080444, 17191.476400098305
189, 286.1828873371911, 1257.3526567757347, 128423.66425839778
190, 287.16301504044264, 1273.0030742048518, 19492.925306928828
191, 407.23178034862764, 1261.275025845115, 119552.93285317153
192, 408.2603070293517, 1254.500547563947, 22685.073155311933
193, 429.2447694065068, 1257.8410486725152, 119032.73800467134
194, 430.22405893562353, 1272.8236812606283, 24883.641609046314
195, 448.2758685372874, 1263.995697119757, 118253.82785528174
196, 449.25028933709655, 1281.9782022953084, 26626.70669843656
197, 104.53719052643937, 838.466235146375, 315928.7345061706
198, 105.55787475575659, 804.8694593250843, 30553.435442587583
199, 105.02489886298031, 807.2179649020583, 29256.488486381444
200, 113.04091583036508, 801.0767236472723, 317030.33920965606
201, 114.07242341482468, 825.4648880712417, 28738.3470892531
202, 113.55347256059224, 829.9947054125306, 5716.14825417913
203, 113.56979880613704, 832.8717690354149, 25388.89195749124
204, 125.05540369292565, 818.9516261230542, 308545.9620832573
205, 126.06113009152918, 788.8862872494057, 28528.206298475016
206, 125.53833174821081, 805.8301609811127, 5512.268818772083
207, 125.5766219727335, 825.0450389699064, 34339.78464421964
208, 145.56649164130684, 808.8348973828164, 303005.8485134995
209, 146.56615397710536, 799.7541406675931, 29147.91584325022
210, 146.06562241067297, 808.4908514227574, 5359.384681402769
211, 146.07259010716984, 818.7363728787928, 38839.851260729745
212, 147.0713390502309, 828.208404899392, 5543.522740967293
213, 208.09055564960784, 803.0593576892693, 313827.7298499701
214, 210.07765638031114, 828.1252079925877, 28335.953302430036
215, 209.08878949837106, 834.7466007686669, 27909.69154328778
216, 225.1015109919618, 821.410604302559, 317038.1453696724
217, 227.11132757428686, 799.3418505287073, 28685.60169897581
218, 226.13108507795042, 843.1841794084472, 28558.558473536952
219, 230.0402686603676, 777.3638776063124, 316686.8208037794
220, 232.0690710977652, 818.1123216836252, 28198.06174544539
221, 231.05702906027832, 848.7882410687978, 5038.70402259331
222, 231.0759559808681, 793.2066532153734, 26822.69537459745
223, 240.09853010296985, 821.4589236619571, 311545.1607421748
224, 242.07585610051626, 802.7969710929164, 28476.28989686187
225, 241.09336709934598, 800.0313396906427, 5104.051586638976
226, 241.1039498672979, 809.819309914481, 30875.21730315461
227, 249.11089903107992, 823.7071357592519, 308053.7350071651
228, 251.09818183615445, 823.2583008923453, 28011.053197833968
229, 250.10926973458115, 798.4998921136599, 5965.250913027228
230, 250.10155355124976, 831.029791154062, 35070.59835448163
231, 271.0996439726913, 809.9343515465589, 309336.90305265825
232, 273.10515016434636, 823.8196206731379, 29108.443944185554
233, 272.0909951004994, 827.2465488055323, 5633.245680652772
234, 272.0975427559581, 832.6836263430591, 33433.44184593947
235, 290.1460266008975, 851.8972560930761, 301851.8939197386
236, 292.1119647607932, 803.6360065095613, 28599.095927248658
237, 291.1489187382452, 808.816422259325, 40161.5726791577
238, 291.14503001786875, 798.6752372735464, 5319.262330103724
239, 415.18643301173, 821.7034243098881, 259345.48918923375
240, 417.1217776841675, 818.4719186995568, 47550.86393053355
241, 416.14478536098613, 824.2206331016861, 9768.82097800447
242, 416.16559463909743, 815.0262097009605, 46090.241377604776
243, 418.1381435704174, 809.7689858908788, 7898.509584545506
244, 437.15933362505865, 827.8390673552951, 261191.35621512088
245, 439.13474598857033, 812.1628254540382, 44580.14293703206
246, 438.1160367622726, 809.7609872474236, 8694.699654717355
247, 438.14101485943957, 837.8795432689046, 44331.106374559706
248, 440.1304877044337, 830.7271208999272, 7507.778562530958
249, 456.1845162502098, 801.5050484184703, 254018.66198605575
250, 458.185501594452, 838.2172938078611, 45909.63811045075
251, 457.1770880089541, 801.5626417092558, 8219.990664695302
252, 457.2135315252027, 798.7998543823016, 50354.58690555395
253, 458.19333250631473, 837.5271990389481, 5045.419581188506
254, 459.18199795673286, 809.8864227027433, 7292.334562025264
255, 66.03229203985943, 929.6296007184388, 17338.43677688633
256, 74.53272117194172, 933.6295920259196, 14864.747296218367
257, 86.548471403055, 927.8343770745139, 15166.720026899973
258, 107.03412535634499, 940.4393685119003, 14532.726985052861
259, 131.00686666896837, 934.4642579668312, 14760.796066483656
260, 148.05513589838242, 935.2315402752715, 15744.87941322812
261, 153.0314825777314, 897.3295624074831, 16542.53493899539
262, 163.04686850034207, 919.4220067674913, 16708.909254941307
263, 172.05684950846958, 910.9832217641243, 16293.729760988834
264, 194.05269318723168, 927.670680120842, 14403.604811012821
265, 213.08893878859092, 925.9323737475718, 15944.151286018912
266, 261.06548338705716, 908.875293717336, 14097.679521731403
267, 283.06540327167687, 942.3319476523297, 15462.52063247603
268, 302.1047145336539, 936.5019514439496, 14740.41236418313
269, 51.53854473691106, 1531.9105506348833, 299177.6405505558
270, 52.02860303852736, 1543.7141257694714, 12216.118227644081
271, 60.03688296558643, 1548.4344339901377, 300897.7635677568
272, 60.5627232131728, 1552.0401225895625, 10712.93903266314
273, 72.05292454827135, 1543.855363682087, 294145.13510623167
274, 72.55595864389602, 1544.6737565918584, 20582.115306012627
275, 92.55019507888132, 1553.1053730164642, 286190.5379160824
276, 93.05291621410315, 1559.5988092915634, 24240.38360514526
277, 102.06660198273035, 1576.5883748445879, 301880.50925616984
278, 103.05018217411492, 1554.3022053073905, 12293.806298873222
279, 119.07677408371843, 1565.327253889522, 299731.8032654084
280, 120.11114182614529, 1523.1385704130714, 12461.720173837166
281, 124.03442710845302, 1541.0739395907954, 301044.1546137938
282, 125.04002629417977, 1573.6083248389473, 12588.975047919103
283, 134.0781910335054, 1564.099719403299, 297065.85316419974
284, 135.0931911114322, 1530.8154115959117, 16378.142417140796
285, 143.07736542154447, 1526.8085121641807, 293821.4337283882
286, 144.06284479171717, 1528.184651458566, 18282.664299760057
287, 165.03713676259108, 1538.0931136653826, 295874.462439872
288, 166.05684645359113, 1543.9166596414366, 18522.537534479638
289, 184.08584571632352, 1560.4629479171083, 285698.1185004827
290, 185.09022791401603, 1544.7772999335823, 24920.58265730945
291, 203.12129482572087, 1541.9432863226293, 285156.44956806937
292, 204.1029115320179, 1528.9446667953412, 24872.889857367263
293, 225.0890942101114, 1556.1997381190636, 287393.39610955794
294, 226.0672757106362, 1529.6278148413894, 26317.55433825737
295, 244.1177708166351, 1531.0015467443986, 278720.4119681249
296, 245.1307209363321, 1538.9674357899366, 28111.65087919148
297, 89.01264671741632, 786.9119322287568, 29369.501569703687
298, 97.55226408028584, 794.7697946625498, 26930.407288614442
299, 109.53683519658539, 799.5546155945462, 28189.98829370061
300, 130.0639357841834, 790.0125950213749, 28776.430579592867
301, 177.02099279135118, 793.8008683844411, 28131.01403305499
302, 194.0688550883368, 781.8687136435053, 27379.915147827458
303, 199.04249836788696, 790.7194568647943, 28263.308436660787
304, 209.06525749730272, 787.4443258709896, 28225.051599691433
305, 218.06056192745734, 788.0086620021772, 25945.80786721117
306, 240.03529621574177, 786.9166524989496, 26608.185498985305
307, 259.0961362101077, 765.7904337726451, 27523.01958610891
308, 353.062830135009, 791.9309590333081, 26162.043234690904
309, 375.0223663838262, 801.3207534627389, 25983.854550351385
310, 394.1067290680085, 796.3709735264542, 25919.174313893644
311, 94.00362162262559, 716.4236214409846, 35960.50715613453
312, 102.49564798709895, 733.6759052123333, 33895.78672600668
313, 114.53447051541465, 711.0612015542484, 33985.5478259915
314, 134.99425326700248, 739.7771385147112, 31594.787915891287
315, 186.99948423329232, 720.4193258243747, 35731.53775316862
316, 204.05506103732847, 700.3406800891865, 34435.861433052465
317, 209.00539588193246, 712.1817275215637, 35845.43566192581
318, 219.05068461980116, 704.4509183577873, 33664.326615139944
319, 228.0023997648134, 705.7977269835426, 35855.732185036104
320, 250.00060103593268, 719.267369558255, 31917.938660831318
321, 269.0729037310745, 687.7981339938964, 31921.041283037834
322, 372.99135611098666, 707.3457489598974, 33142.48292093899
323, 394.9708675909601, 718.6080955764719, 32979.70657542351
324, 414.0125567125363, 711.5573292065686, 32217.74139894564
325, 76.02483986236987, 999.2852697405758, 205228.37587670475
326, 76.5282203508123, 999.7602082143228, 11383.764521500056
327, 84.52981437990609, 981.0832812550786, 205591.52350170014
328, 85.05796668808452, 1001.7060671831008, 7801.32924929225
329, 96.55536602913352, 984.8418130338738, 200158.53997868096
330, 97.04349733496718, 991.3561255118846, 14144.64147561889
331, 117.07316740837697, 996.0020182208474, 193641.5741260578
332, 117.5409902635345, 1014.7911274529283, 18513.998647562978
333, 151.06007695560012, 998.5626251530899, 204949.6028941002
334, 152.08818073086167, 1010.4530647875534, 11707.04124525472
335, 168.09902858198913, 1010.2693953930158, 204708.30224433975
336, 169.09279101822688, 993.266598186058, 10688.745937000223
337, 173.0460043418808, 978.0539285391687, 208129.437912295
338, 174.0853799853117, 1003.7172712495211, 10127.821692220487
339, 183.0905020776718, 1001.698231494258, 203224.25658885355
340, 184.08130934108823, 984.3513263871898, 11014.710718579572
341, 192.05083906527983, 1022.7111696360417, 200809.79537222598
342, 193.0858023270595, 1011.836208845786, 15662.226644280308
343, 214.09597683596962, 971.8191262231879, 198776.73379101188
344, 215.05093089783995, 1009.654659914533, 14343.817337735323
345, 233.11617742473658, 995.178200870543, 194528.01295033595
346, 234.1247256868763, 1011.1144029936644, 20553.020065428416
347, 301.11360563814804, 999.7187757975922, 192768.190645021
348, 302.1336574057407, 994.2207114115434, 22321.146167800558
349, 323.0846432829518, 1021.8997768266833, 192189.25460638347
350, 324.1111035517964, 994.924028261938, 20565.406933084487
351, 342.15221554314894, 1005.3995028167694, 184953.70372974564
352, 343.11266946621004, 1000.1561923143686, 24292.265834210833
353, 66.55532259716647, 1129.8660097512063, 54682.980267278755
354, 75.05511401683243, 1157.4782368586834, 54328.37351947357
355, 87.06345855231548, 1148.8734704203387, 52602.92879667554
356, 107.5635584619769, 1131.1146382225213, 50375.8035325276
357, 108.06389509949176, 1149.787024055868, 6660.050306748541
358, 132.06833990263107, 1168.97115062716, 54385.47331642957
359, 149.0934678282902, 1144.6635354623097, 54871.53594930451
360, 154.07052835600078, 1167.086720327495, 55465.35133743662
361, 164.09145007260983, 1158.8511016200282, 52916.1334080107
362, 173.1060685675444, 1137.6799015152558, 53625.33015674591
363, 174.09007758167755, 1133.5426602862224, 6812.515553523714
364, 195.07987045405918, 1154.4721337316294, 50956.00200315057
365, 214.11518309226543, 1141.1987213990667, 50539.045095190595
366, 263.1206136591954, 1157.8494402895324, 47481.24715535942
367, 264.14032705430543, 1143.363340180049, 6099.661283618786
368, 285.11645725681757, 1152.51707393722, 51407.15532502553
369, 286.1361615395163, 1154.1038818439201, 5708.876237475694
370, 304.1252725474872, 1156.1352245637906, 50127.341469131235
371, 305.1441877553641, 1146.6487213237288, 6369.496152310904
372, 68.5255950437894, 1190.2145371374697, 60659.85629473261
373, 77.06346621854593, 1185.326986811467, 61161.881079209794
374, 89.04117322528133, 1201.083938741159, 59802.34897412138
375, 109.56288835373654, 1194.6605090913688, 57926.61973230725
376, 110.0200442418463, 1193.737461749438, 5159.370157125232
377, 136.05990409480793, 1186.920063476509, 62402.90154038521
378, 153.0901871862697, 1210.4147896992768, 61526.591638511134
379, 158.02455648883358, 1175.2076770477963, 61353.85185210706
380, 168.06892234401766, 1194.465845466967, 61992.581560940016
381, 177.07462123967383, 1153.8172576051313, 59346.311731914335
382, 199.03070021489995, 1197.5617514148107, 58540.264258206254
383, 218.10795034386797, 1198.810103422235, 57960.79052348805
384, 271.07042219871266, 1181.04564249182, 54854.53320336905
385, 273.10546550304014, 1175.0120029582422, 5892.4912095438485
386, 293.052870239828, 1197.4117039433465, 56252.38419165477
387, 295.0568870847704, 1192.7503962933476, 5338.0720327497365
388, 294.08493900984814, 1185.2503345150112, 5609.762885096463
389, 312.1166346313932, 1205.827831781301, 53806.53550452032
390, 313.1191228552416, 1176.832658763676, 7400.9389798236325
391, 50.01180410422485, 1145.9085215447521, 79635.43614702686
392, 58.52114763573598, 1137.6602612489849, 81422.93189767536
393, 70.50114962450952, 1146.5384258120723, 78330.48717809502
394, 90.98971704492801, 1157.020672815655, 76989.43905073586
395, 98.99302509349587, 1141.076203919033, 78695.01657401196
396, 116.02439189607679, 1159.1839178442285, 80522.06410271251
397, 120.9701237118743, 1148.194789171721, 80598.10358850354
398, 131.0226048111142, 1153.3369603272397, 80149.81019952548
399, 140.0158009378578, 1160.1066931107148, 76520.18576984403
400, 161.9956300219796, 1156.8303858539625, 78619.20895600169
401, 181.03246985351555, 1167.2833041306712, 74813.16007963297
402, 196.9789947754802, 1154.7836414628214, 80378.6627241363
403, 218.9389620040402, 1153.2354528149926, 79129.33452249896
404, 237.97957020078803, 1143.130370973624, 77089.66641620322
405, 154.5439632979303, 688.2989135882434, 26336.219160031305
406, 163.06596536819958, 710.1994640486494, 28318.063427952275
407, 175.05200371388997, 722.057732613118, 25574.023496780617
408, 175.56170436143856, 689.960480639403, 5213.655823081434
409, 195.56022204582877, 679.8292197819393, 25349.95865718294
410, 308.07758288240655, 727.5466830690006, 26954.742865182212
411, 325.08989801006334, 738.3459217373398, 28098.132885002215
412, 330.07460871188954, 712.5224719291125, 25894.521198046146
413, 340.1049370771868, 722.5892516085421, 26402.28355633366
414, 349.12080836463923, 723.0623354824651, 26214.537354862106
415, 371.0915163816188, 708.6044470691972, 25652.637309984806
416, 390.11222476691046, 692.3074520300262, 25516.58056867877
417, 615.1691907582111, 743.5260205146849, 22092.511359295244
418, 616.1785633143711, 706.627374537191, 6228.330100942276
419, 637.1559879012117, 703.8236825289968, 22575.465028087925
420, 656.1759710612154, 721.5163944524161, 22266.559908948995
421, 657.20386177809, 698.3288608187285, 5259.086561268975
422, 89.95335676347985, 755.977089218249, 30483.883176601685
423, 98.46984637903748, 767.2005567230897, 33626.579437067885
424, 110.51002588099477, 753.4925119145113, 30681.53783339104
425, 131.00170371725932, 749.4287245516146, 30029.959276602865
426, 178.97409979140212, 741.7438242250261, 31002.198334149714
427, 195.9716611405981, 776.3045855442398, 32062.8111192378
428, 200.944640172636, 765.4206187562498, 29008.69364398575
429, 210.96667386964288, 735.5636156774949, 30729.17807309865
430, 219.99792291642416, 760.0393697780826, 30855.200183510235
431, 241.94555932116452, 745.0929680251821, 32146.47479223083
432, 261.0254319644545, 759.4701293272194, 30512.26156192369
433, 356.88125045434833, 735.5751052685664, 31961.880928407598
434, 378.88312196989057, 741.1140507162053, 31485.498045695964
435, 397.9108592704851, 754.6635709574191, 29900.32941338262
436, 119.55525400753744, 1263.2738073802973, 89656.25742126601
437, 120.05112492689256, 1253.9175301884784, 9414.748880066692
438, 128.0472138746033, 1280.3297194853901, 89125.23722735645
439, 128.55286412533508, 1250.4462110476418, 8941.862867918899
440, 140.07779417395665, 1253.6796500233693, 87546.55854637978
441, 140.58301229185267, 1236.6806880223135, 11819.215811467553
442, 160.5739352897606, 1243.1403096776935, 86107.67408154102
443, 161.10469617584127, 1237.3278565560431, 13542.633442031689
444, 238.0785230473711, 1228.5722108176417, 91199.14584101879
445, 239.13410334354444, 1251.867384850975, 8512.348940267064
446, 255.13946221053723, 1265.0331436567665, 91022.28288849782
447, 256.10655338933185, 1257.4161432986527, 7261.581957549503
448, 260.08367457145096, 1255.584846996707, 90918.62596090576
449, 261.1059862415132, 1256.6217792690934, 9581.715334565924
450, 270.1042206782787, 1251.1950609381245, 91635.17707949999
451, 271.1376365391126, 1222.8131702893534, 11000.589775776161
452, 279.10927231808085, 1252.8964289143498, 88967.2768961285
453, 280.1120245496703, 1246.9180419788797, 11411.303524564271
454, 301.08583089720133, 1286.5548478862247, 88236.85545447026
455, 302.11287543177536, 1243.9473151877928, 11612.601129736111
456, 320.1399388654353, 1249.855619042031, 84461.41579160935
457, 321.13884987022124, 1245.564291331154, 11039.95470367246
458, 475.18791898466185, 1242.8254237366677, 78047.83218521735
459, 476.17051850249294, 1233.0463098811097, 15806.808651651689
460, 497.1361112567362, 1262.4273918179754, 80531.66806514945
461, 498.17307447084926, 1222.450874467992, 15480.399105690927
462, 516.2033783929954, 1240.1423375336888, 78793.67915599082
463, 517.2261626168812, 1271.154860198385, 17895.375038599916
464, 214.04866525869448, 1596.5713911095152, 53897.440916549924
465, 214.58656481850335, 1607.0451992232058, 8735.477703527396
466, 222.57958006262618, 1628.1971494651843, 53953.62228026219
467, 223.55492443757274, 1624.4117908540206, 5931.764046356642
468, 223.07743618278033, 1655.5475188097791, 9298.611553482937
469, 234.5597073214369, 1588.100674527316, 52599.20146416369
470, 235.06005838030737, 1636.653113384949, 8824.394040086072
471, 255.0481327018413, 1635.3970143893116, 51404.95557854726
472, 256.08504590560415, 1626.7963174060792, 5558.237306856573
473, 255.55302706672245, 1620.7968329571697, 8695.946858313038
474, 427.1008416640169, 1619.9132206285883, 53309.246696070266
475, 429.0992421861963, 1610.4883877647198, 5069.646277873784
476, 428.08470078196854, 1619.901964942142, 6363.319624987527
477, 444.0924439837667, 1625.38303393865, 54942.15954377193
478, 446.13161769551994, 1629.5787228858965, 5620.913383024723
479, 445.1371309233066, 1634.9991724622557, 7481.783937395176
480, 449.08022460472137, 1644.7770968779682, 53308.103878004134
481, 450.0860426525054, 1624.8200251809203, 7393.986542299426
482, 459.0972225333168, 1608.2625858896038, 53441.33331613235
483, 460.1326431716205, 1626.3425432421213, 9542.053891261832
484, 468.1304611536256, 1601.0396502243523, 51080.171668832605
485, 470.1296342435744, 1619.1618530348424, 5094.662843795554
486, 469.1197317687572, 1628.7634800572275, 6631.157428245133
487, 490.0901169070311, 1633.4361032455254, 52588.957413527474
488, 491.10791103722363, 1609.0266057391648, 8192.816657326292
489, 509.1473747590024, 1651.860296827498, 50296.15409424683
490, 510.14690239435254, 1614.9898250212345, 11383.96775261161
491, 853.168833261055, 1637.9857807437522, 42522.76084863081
492, 855.1608555399554, 1599.74633543114, 8781.292165874547
493, 854.1712058644999, 1623.3570953360033, 10319.400271171753
494, 875.1589385791245, 1636.4317737829542, 40668.31503970668
495, 877.1599506640613, 1619.49886543109, 9549.162418545606
496, 876.1797228433402, 1596.5326342196568, 11037.23020746049
497, 894.2115638032784, 1624.1668533000745, 38763.80136964005
498, 896.1844798119427, 1619.4393890790725, 9100.844456122068
499, 895.203112575174, 1639.8794399127592, 12674.794509235386
500, 77.98422675210894, 688.6478558266484, 40812.893886822974
501, 86.52889802500545, 681.373797928281, 42194.3905588035
502, 98.53405371810939, 712.1501180376828, 42630.078717945034
503, 119.03897516986132, 716.4842457437348, 40021.52441044912
504, 155.00183525379714, 717.2978733013044, 41930.203888570715
505, 172.0371625233863, 712.677170682948, 40337.299309169866
506, 176.97943036510264, 705.3577391669854, 40845.79566835701
507, 187.0422309075075, 706.304746095683, 42509.498512998085
508, 196.0391645991482, 701.2648801393543, 39540.24606662076
509, 218.0337349080808, 698.9887613092767, 38718.197308993294
510, 220.01973258327826, 694.3462438015476, 5324.750558242883
511, 237.07727470629857, 708.5406304561436, 38331.65054197415
512, 309.03485029311275, 686.0541989876494, 34050.36844976164
513, 311.0014052710776, 682.3737287768885, 6409.451794860897
514, 331.00806200706114, 654.6932284655311, 35276.56474829793
515, 333.007603407206, 702.4596839559655, 6841.401670902244
516, 350.0216727714735, 693.2275676962977, 35972.8406627305
517, 351.0562466474123, 679.5916243161564, 5072.372055208016
518, 52.01735381043909, 1238.3748326255575, 142770.05875967143
519, 52.51901636021306, 1239.9532559544955, 5646.780797072837
520, 60.55109541663367, 1239.2169724250516, 142438.66646305306
521, 61.0145160083791, 1243.4349005380316, 6008.370221010409
522, 72.52191981242527, 1245.0106498414884, 138247.45715639036
523, 73.04188321594319, 1236.6536393250747, 9052.372281021206
524, 93.05301763987656, 1244.7227491966935, 135116.9332187954
525, 93.5719426762234, 1235.9019493807348, 11272.635102742714
526, 103.056812549457, 1220.0428483005633, 142111.5869141937
527, 104.03968396511947, 1226.91109573277, 7515.8732343988295
528, 120.06827085103077, 1242.8665832911936, 142447.68901241102
529, 121.06729372154399, 1238.948757725159, 5289.4677192061245
530, 125.01746888455114, 1240.6890923106625, 142816.10174157552
531, 126.03759538628535, 1251.979227405954, 5419.981875441393
532, 135.09440892470107, 1231.7606313324945, 139149.87165422345
533, 136.05535372531622, 1228.3201900229178, 6831.696671063837
534, 144.06525585768557, 1242.0915436869511, 139536.36653351266
535, 145.0652114659605, 1217.738774711538, 7869.269335706308
536, 166.04947444564866, 1249.5164867487956, 138703.73741675523
537, 167.04952313118883, 1220.055710198388, 10160.238523336426
538, 185.10230805764226, 1235.8313389515047, 133388.3052482653
539, 186.0931282575484, 1236.3241063236119, 9597.905300956083
540, 205.06724325637862, 1225.0977512917625, 132866.13797413182
541, 206.07404097539285, 1240.9379665415586, 10804.669236005711
542, 227.05550593220298, 1246.1065365361292, 134611.69149809025
543, 228.04564442376164, 1254.2353814678036, 12200.37333779712
544, 246.09769157016981, 1247.5114762276621, 130013.70869311325
545, 247.11567307246503, 1244.943077128588, 13810.863006522903
546, 88.00260347490239, 1416.1695316159244, 26201.54397600166
547, 96.52252987626782, 1417.0372151232243, 27884.210457930723
548, 108.52918475015763, 1399.1141561889021, 27637.064947416955
549, 129.05605428621126, 1402.5517826157047, 25146.597305927582
550, 175.01746379230835, 1405.7037827936356, 28733.244403659573
551, 192.06389823714642, 1389.189567881832, 26110.32327900197
552, 196.99620381053828, 1386.0113424063293, 27291.068660620695
553, 207.01672244162904, 1388.7738749310734, 25505.820589234576
554, 216.05056376305856, 1378.3617707822048, 26389.472740194917
555, 238.05319007544188, 1388.8537632840623, 27870.294581726084
556, 257.06647216970373, 1417.100631609461, 27481.89507297737
557, 349.0232959993404, 1409.371412920686, 25076.57027737785
558, 371.02091545984086, 1401.337233635641, 24957.872283491008
559, 390.0645340307654, 1391.2191504198597, 23693.79599366606
560, 126.06330234032268, 1156.6948841386345, 53200.392595008016
561, 126.52771943014959, 1123.8325842720735, 5520.28059772959
562, 134.56706529993136, 1155.7072367420208, 55544.741755651805
563, 146.5540981949815, 1105.892381947497, 53653.44577149825
564, 147.05715676816737, 1117.013376599847, 8784.81412679093
565, 167.04229833198545, 1125.794895508396, 50733.607144892085
566, 167.5807657784675, 1139.7600463828524, 5577.227667913299
567, 251.05310216258096, 1138.0231914978017, 53960.93316379429
568, 268.085873276105, 1138.7213965266276, 53432.77641093306
569, 269.0754469204462, 1125.6141296233423, 5044.038634754739
570, 273.0519852328152, 1101.7205433056356, 55586.481833126105
571, 274.04456746327065, 1134.4890934160337, 5319.370214534698
572, 283.09664402610207, 1137.8614901619549, 53377.43449335548
573, 292.09286825850063, 1137.1965082613679, 51944.63553760256
574, 293.09705747170386, 1152.7701878022347, 5447.635323654145
575, 314.09174830554093, 1145.8194436170043, 53065.89650475111
576, 333.1290053196584, 1153.6466104254498, 52286.097816136746
577, 334.10737508845983, 1118.8004514926529, 6827.27381384083
578, 501.1406094390204, 1104.0853169994245, 47076.07658177451
579, 502.11542831348777, 1146.3046049303427, 6231.742376306855
580, 523.1437805427697, 1129.3937477045808, 47197.463041162126
581, 525.110362104294, 1135.9586941071695, 5132.581143120714
582, 524.0997942664748, 1108.6231818936121, 6875.050571163871
583, 542.1626770475549, 1117.9447241026164, 46129.708064779414
584, 543.1790928022457, 1129.9742748445667, 9615.887426887477
585, 40.011171845729095, 1194.628972892418, 133552.97580476213
586, 48.551814243670606, 1185.705357616456, 133503.83192514337
587, 60.54841111366151, 1199.321227939936, 129352.44212294617
588, 61.49623289175472, 1167.1838987980245, 6661.885708526061
589, 81.04738808073046, 1183.8536997635424, 126483.48264228902
590, 82.02126328072208, 1200.957655046143, 7252.06790634199
591, 81.54848705291859, 1197.9303004676935, 7659.89214748612
592, 79.01682688525977, 1191.6859152188151, 133692.18694473864
593, 81.02723689930104, 1198.2528160984443, 7261.190436678779
594, 96.05037367729156, 1174.698784536538, 132589.93464826763
595, 98.04393672913726, 1204.5995193093925, 5283.568531885493
596, 100.98706832886887, 1197.6313886038693, 132910.6819403745
597, 102.99863488554932, 1176.6247321000894, 5771.184867137048
598, 111.0703732623583, 1190.2257118129694, 131278.9861149307
599, 112.04022424340607, 1184.3823997244513, 5774.139854649805
600, 120.05875051364669, 1181.8955717761933, 128204.01973710557
601, 122.01669697825888, 1205.8481138850866, 5695.240271225678
602, 121.08904468372671, 1179.500575144077, 5339.058827846177
603, 142.0319148046234, 1202.532346435143, 131323.06482389237
604, 144.0148761479945, 1182.4496534857476, 5130.619664579369
605, 143.04017795527457, 1175.5473589215812, 5479.076690610398
606, 161.07483756666997, 1167.5323953897057, 126604.77743518265
607, 162.08857198168155, 1190.2867598568737, 7461.202315451646
608, 157.04017282826885, 1178.4801437152132, 124941.79028939114
609, 159.0234230532922, 1202.6734943442902, 9814.96107818569
610, 158.02487659543334, 1171.7757139425898, 7303.242689297104
611, 179.01607356091182, 1196.0345906143386, 122384.60423746113
612, 181.0255785239969, 1180.4952405665063, 12247.525117639765
613, 198.08564040007855, 1187.7760903529982, 120963.43537626784
614, 200.06929257885824, 1184.8970083529066, 9671.839216051161
615, 199.05714747554, 1199.222985767551, 7904.561735828733
616, 131.04761650676255, 1215.8500086067702, 236037.2810430985
617, 131.53955649842288, 1213.5473957373424, 16770.259752355407
618, 139.52471101236972, 1191.058842253119, 236787.44801651448
619, 140.04058463973007, 1222.8119155340512, 14906.64085792833
620, 151.53256427911305, 1214.908193741831, 228581.4409246224
621, 152.05970924117233, 1211.061008930031, 19735.04405632809
622, 172.06094564365375, 1203.894528046131, 225816.53536759695
623, 172.54843690054838, 1206.2657668351196, 23442.301636016327
624, 261.0150390878603, 1217.8313409355285, 237611.5510178543
625, 262.0166495628658, 1199.1873811034693, 15469.422358180156
626, 278.0737630964883, 1237.2371002232815, 235708.94434239928
627, 279.04646535431436, 1225.7250347883312, 15701.914926771877
628, 283.0235128390807, 1237.2357308053333, 237295.91419211667
629, 285.0130042154374, 1220.4580194420137, 5181.351726753726
630, 284.01806035374216, 1211.6556554987, 14870.587993025267
631, 293.06138228233243, 1196.6455095689792, 233330.01867150803
632, 294.07243790282683, 1206.1234975245245, 17881.692012072293
633, 302.0595068504785, 1230.1701426366324, 230238.90177825946
634, 303.0891852762707, 1214.7036461851792, 20638.379080038518
635, 324.0309115644382, 1233.0932502603348, 230589.8401553218
636, 326.0480341018915, 1238.649912497309, 5662.8085279237675
637, 325.06426323698213, 1222.0558719500211, 21052.146844374536
638, 343.1087820798806, 1204.804049214566, 224769.3674355448
639, 344.085071082626, 1198.436054215513, 24626.607488482317
640, 521.0657864915198, 1208.6584950021127, 215647.7665616127
641, 523.0571874077391, 1209.9673662038451, 7608.960540333499
642, 522.0803248149226, 1217.904679233102, 28226.928297894596
643, 543.0406561808046, 1229.6533489567344, 215702.1541025308
644, 545.0755636547708, 1195.9761950955071, 9396.942118017158
645, 544.0429606336041, 1217.9124358599738, 28579.674279471867
646, 562.1092642477181, 1213.9625306936332, 210107.4104658547
647, 564.0831622170172, 1212.0928053877703, 7258.45246778117
648, 563.1005405510974, 1222.589985821634, 32102.686554068678
649, 103.5507833240679, 966.4257763729241, 12793.830065369624
650, 112.05742182357405, 990.7733816094981, 11807.232378359642
651, 124.040456788042, 960.5479288954702, 12843.964740307189
652, 144.5453959407489, 981.6255434301934, 13280.202722982242
653, 206.06187087972907, 982.2483181287013, 12591.713058422334
654, 223.10722693176157, 973.5072577006807, 12893.735932389729
655, 228.08419503423985, 983.9547602399587, 11642.691338749146
656, 238.0900094299605, 977.4982454445334, 12912.431188078042
657, 247.08697888416444, 986.0920419286234, 12081.356462497282
658, 269.0542745154118, 978.084770287075, 10774.078287270268
659, 288.1376016864744, 975.5386985393114, 13589.702132100907
660, 411.1385488073601, 1008.187106417998, 10648.911942523806
661, 433.10223974641025, 979.7924350345852, 10216.139433801205
662, 452.148671862457, 987.0800359746867, 11707.274388669979
663, 61.50897811378211, 1009.2847466013666, 21764.01607792725
664, 70.03808099286265, 1015.8374797199755, 22671.06944778119
665, 82.02172083517925, 1023.0761130921964, 22013.42132564682
666, 102.54436313893521, 992.7515783950638, 22251.812745512812
667, 122.01188544719601, 1010.9442694257385, 24884.61831974963
668, 139.06685664454054, 1029.0598443587915, 23696.770411827863
669, 144.00809856888856, 1023.4629330954293, 23015.619115891557
670, 154.05868146558737, 1008.4903423194111, 22915.275498017392
671, 163.0356649409074, 985.699834739132, 21885.487520080034
672, 185.02957174948995, 1017.189821784863, 23194.99709005356
673, 204.10152103865576, 992.9602730758479, 21319.868121533986
674, 243.0449782649275, 984.4132581892989, 20268.480723766457
675, 265.04177422214616, 989.5469032674515, 19059.444840135307
676, 284.05385667458245, 995.2848519239876, 19222.76140663677
677, 95.52819400870331, 1360.6062842600402, 13669.347851813303
678, 104.0338148337236, 1349.0741726644585, 13116.903917502495
679, 116.05574457292066, 1337.9844801333825, 11824.99968717865
680, 136.55509660792575, 1363.7235766490287, 13275.010409595618
681, 190.06418649036704, 1365.2085041234056, 12891.793496173943
682, 207.08586229078742, 1343.002816821645, 12900.007104366172
683, 212.05755637517072, 1350.5302165231515, 12448.54581340749
684, 222.0994587590105, 1355.9350479343875, 12581.034689823115
685, 231.05224957566273, 1366.5794951939354, 13534.83788531394
686, 253.08283460901944, 1349.2428784048873, 11855.747455666422
687, 272.13830261673417, 1350.4122506276588, 12843.331652484729
688, 379.1250968092533, 1335.5952743270764, 10954.854020068704
689, 401.1041575854543, 1336.4562606312127, 11221.878437217887
690, 420.17573479069745, 1342.2550028578366, 12675.055087847577
691, 82.51150121685193, 655.7860576757034, 39319.54884989283
692, 91.07184698293568, 657.2491092167062, 37382.98509822555
693, 103.03208037922963, 643.298738844025, 36647.918874356175
694, 123.54270043888208, 650.81773226716, 37451.2319604747
695, 124.05788245980888, 625.8249517367547, 5128.730557276931
696, 164.0300780106476, 659.2880130815485, 36027.83308893767
697, 181.06787082901837, 650.7640265708602, 38076.49095023367
698, 186.0345396156135, 627.8692671421346, 37476.705614578685
699, 196.05167162745883, 646.38770309342, 36725.45854400899
700, 205.0665546202621, 632.2481453627897, 36016.98609986014
701, 227.0273297620671, 600.8570108459403, 34909.737502077805
702, 246.07180750490986, 648.7663916222837, 37586.538191643136
703, 327.08270677953124, 631.1724111653184, 33575.90159446874
704, 349.05853298374296, 620.0236647344535, 33800.8744946691
705, 368.08316292308035, 642.8177773420155, 31451.529079163796
706, 135.02234828998107, 1202.6017705125303, 151673.6869800962
707, 136.04671514312687, 1178.9946413569364, 15479.124316219153
708, 135.52280582262696, 1189.196877006322, 12977.486122942724
709, 143.54460605081977, 1163.4345192555322, 150486.925851719
710, 144.53146002900087, 1174.99092244734, 11825.023116106728
711, 144.0941279043814, 1215.867758351387, 16116.41498726004
712, 155.54013837732256, 1195.2247912401901, 151423.06813813772
713, 156.54777905874676, 1200.5640558434654, 13117.399268020064
714, 156.05382772331433, 1195.767084182823, 14862.490253688593
715, 176.07095616077328, 1187.0583968673582, 144813.8922808488
716, 177.05032368515648, 1200.489878662522, 11802.195703068619
717, 176.55047857803672, 1192.0059200304959, 19132.32068121733
718, 269.05658011392865, 1199.4626435474875, 153036.48697703602
719, 271.0532680234187, 1179.2730055085158, 12573.81070363959
720, 270.0712693182267, 1212.4116526916584, 11997.817952741527
721, 286.1030325845781, 1194.8500463458681, 151161.576585613
722, 288.090756981785, 1188.3907018706298, 12727.31541721131
723, 287.06791452054034, 1201.519124635276, 12784.060615087059
724, 291.02268878657844, 1170.3910024134016, 151709.49026859069
725, 293.0664988236691, 1218.1562849601241, 14787.448745460073
726, 292.0582474956092, 1188.0582108803849, 13288.079589327655
727, 301.1013719660308, 1192.148811093478, 150402.78479303964
728, 303.08457304007464, 1200.776142307388, 13456.558720137591
729, 302.1057242952393, 1210.1837837032988, 15330.231007111379
730, 310.08884016615866, 1217.877829616645, 148828.93449381535
731, 312.0905382879676, 1195.4193039272022, 12483.472357702662
732, 311.1141714115159, 1191.356347700325, 15771.91025023793
733, 332.08466813640865, 1180.4699093154456, 149020.00074295234
734, 334.0594871545684, 1189.550133482321, 12080.899503486531
735, 335.04457482992945, 1177.2634591684466, 5074.4975950439675
736, 333.07138597377445, 1192.8237199293776, 16407.277474050796
737, 351.114013788388, 1181.9225918303305, 144590.67052546013
738, 353.0823279237371, 1195.7547258682127, 12277.414754254822
739, 352.1225040990599, 1204.6745885283983, 17382.85674578819
740, 537.1302114769193, 1188.0076645549416, 124677.7531460591
741, 539.1195500576249, 1175.0166578077842, 22611.391840171542
742, 540.1121082792616, 1194.9368241053085, 5518.437613737782
743, 538.1371601359708, 1204.8564096627485, 21545.332734789856
744, 559.100703495754, 1194.2956222020198, 122964.34440877153
745, 561.1166581333734, 1190.0584941505494, 20819.858498014088
746, 560.1011157959457, 1209.220190023863, 22853.838413677135
747, 578.1728110246491, 1201.7209225733686, 120297.327501473
748, 580.1527795495255, 1205.3503055079323, 21238.60785457406
749, 579.163111955494, 1189.1236723993009, 22549.93076676245
750, 307.0915311427698, 1293.6862355406706, 84086.93527960808
751, 308.09008238037273, 1325.8925379784826, 6422.054357790569
752, 307.5852296696436, 1320.7014034012625, 16620.258619220393
753, 315.5691217907001, 1295.667843745352, 82963.81317348195
754, 316.59069842846657, 1306.5290847602514, 9401.703636485283
755, 316.09644825816827, 1333.0624241616533, 18509.29117949534
756, 327.5813540242256, 1332.0580326047557, 81137.44403875312
757, 328.58840873759243, 1305.8260837870935, 7469.652350830447
758, 328.0947605996419, 1326.8761865432643, 19553.729299240316
759, 348.10972066075755, 1322.4375641852578, 79082.36833411874
760, 349.0797939197325, 1315.8316991049119, 8067.187255273228
761, 348.61182030819316, 1339.5894236123413, 21046.53734362812
762, 613.1626583811023, 1339.105920432409, 83352.05190486593
763, 615.1658867344057, 1305.8817656173126, 8041.531241170867
764, 614.1801201560622, 1298.0269783961382, 18595.135573246334
765, 630.1780889450611, 1298.3403170832912, 82454.53050195686
766, 632.2084918801879, 1295.144826732049, 6638.099650629155
767, 631.1961507514062, 1333.548404534028, 19684.746925379284
768, 635.1400262242862, 1305.8584456708209, 82811.31931348721
769, 637.1376376711427, 1292.1577717333826, 9571.332028361376
770, 636.1296217208525, 1316.9913692318762, 16167.72171384847
771, 645.1910687002832, 1291.293099413276, 81806.8107147939
772, 647.1781102031716, 1322.9008601127653, 8153.5078034676935
773, 646.1910740506555, 1299.3965715324837, 18087.155307540015
774, 647.1657132061515, 1276.5876546064253, 5047.55466943275
775, 654.2065424173178, 1321.4627572595716, 80567.57057108819
776, 656.2150152797702, 1297.098799450461, 7676.043878343073
777, 655.217278917364, 1317.052730306917, 17820.542895389444
778, 676.1732414786472, 1315.8734547953952, 80774.29357041034
779, 678.1524427194506, 1321.1470274818075, 7607.892088079689
780, 677.2080200626859, 1313.2320641427953, 19057.584701881937
781, 695.2261227377821, 1315.7727146978134, 80002.53894943818
782, 697.1986776551481, 1321.8349582495198, 5927.921309298002
783, 696.2250715636026, 1338.526970727545, 19479.622206246924
784, 1225.3308639445756, 1321.6438643005192, 57056.620860543604
785, 1227.3259667093735, 1337.534795183258, 12136.98869196825
786, 1226.2915453883015, 1290.9297029402678, 24874.506980314272
787, 1247.3078330517244, 1319.5063310480816, 56838.4057492996
788, 1249.3006898629076, 1286.172194913627, 10528.045038381437
789, 1248.2919911277856, 1318.4356341344082, 23969.821062975476
790, 1249.2945507498232, 1313.5942571963494, 5224.592831269398
791, 1266.3166333497738, 1308.9868162136936, 54767.62203291047
792, 1268.3461486446738, 1313.1042525592652, 10161.83936403845
793, 1267.3432472051843, 1304.9024813976673, 24505.638876217967
794, 373.53815723452044, 1057.7294286077936, 18388.401458360317
795, 382.0564693786239, 1065.4460479454515, 19231.907613699477
796, 394.0905429387095, 1071.0359285869276, 18459.564071863148
797, 394.5261138616953, 1061.3533233078692, 5269.657663094864
798, 414.5894059297303, 1065.0732538275333, 18117.217427350188
799, 415.0627581837236, 1075.7128238688547, 5725.5406310114395
800, 746.0901758107794, 1059.4947570503696, 21393.475114298966
801, 747.0984557999707, 1076.2497989000385, 5775.101612683034
802, 763.1280160459024, 1063.8740815619926, 21511.0841566925
803, 768.0812882317025, 1075.6414148772196, 21965.899265252578
804, 778.1305930119572, 1047.91539504828, 17755.494870555547
805, 787.1110624982564, 1071.0230349696103, 18994.746299074228
806, 788.1204836192516, 1065.0202137040276, 5024.524789512357
807, 809.1223995232723, 1084.687343373371, 18999.71595111304
808, 828.1655616468806, 1067.0081290419628, 17722.577863200906
809, 1491.1701669852507, 1059.7312218480026, 14251.031789607938
810, 1492.1838583958784, 1067.6436826666502, 6032.490223449881
811, 1513.1698210890295, 1050.4133040570289, 14840.92137129743
812, 1514.1712228590688, 1044.2154984711499, 8805.39328625707
813, 1532.2099081999083, 1079.8323755075683, 13412.001159791438
814, 1533.245585979205, 1079.9358299619096, 6592.950359818216
815, 333.57083064716096, 885.4667382534428, 20784.644877250063
816, 334.0760392406256, 867.7494841586005, 6191.211966991648
817, 342.0847572082502, 887.5805697818257, 19834.930594173897
818, 342.59402794397334, 872.5000748430845, 6078.445534022167
819, 354.08021209653384, 867.1150901505385, 21843.269749463092
820, 374.626200323544, 888.3127440367472, 19089.595907975367
821, 375.07607402516123, 870.4924547285509, 6942.774481868504
822, 666.1293138172726, 879.2569296614514, 22929.25674295052
823, 683.1624189959231, 885.6529635064092, 21071.65430150062
824, 688.1129171759978, 875.4072285406722, 20867.42349876581
825, 689.0887479739752, 874.4002686765249, 5113.721668525227
826, 698.1600654976115, 896.4284953255844, 20714.523994080606
827, 699.1762653041111, 876.6938498112708, 6114.713428318217
828, 707.1566090945712, 890.3834977011384, 20758.034068135803
829, 708.1780665735764, 896.6467594036523, 5004.545481501841
830, 729.1455005205361, 881.5584851244691, 19492.41076103197
831, 748.1855441330017, 882.4589949861592, 21290.91990183774
832, 749.1773046195162, 898.2934215085604, 6219.159609334276
833, 1331.2848572558598, 868.8636324523237, 15176.838794583993
834, 1332.2693410359245, 862.2947929913702, 6827.597628844536
835, 1353.2292301674863, 863.6562530338354, 15922.972044425926
836, 1354.2220790556946, 895.6490454431396, 6909.1232608609125
837, 1372.30279896502, 878.8677568536709, 14923.261106332935
838, 1373.3055756485585, 881.6236687665405, 6887.574968141136
839, 59.03123918854868, 1166.8955464113299, 31553.614613740425
840, 67.55774752553083, 1189.1371570642293, 31689.176540268436
841, 79.54713008661024, 1172.5103488620512, 29713.328652022537
842, 99.99930255540737, 1178.4984145243388, 29847.433352100506
843, 117.006121149004, 1169.1063349518527, 30286.04622634639
844, 134.04696449551074, 1173.4671343534133, 30824.173753700063
845, 139.0233151679408, 1165.7300996951408, 31683.192165933724
846, 149.04997727526745, 1187.2589859715417, 31052.433555244537
847, 158.0756897926253, 1174.3685872879455, 31078.60869640169
848, 179.97684749898448, 1177.8639438733753, 30368.5003340538
849, 199.07162322184183, 1192.5734322426138, 29857.656729650138
850, 233.01179517377975, 1173.3767305495555, 27511.19544371816
851, 255.00721809607128, 1174.182416863078, 27966.295746840195
852, 274.07258525896765, 1178.612416250679, 29319.96957123099
853, 85.52126363637524, 1015.6635738148025, 5268.972507511547
854, 94.07495123125848, 1009.6498615875423, 5143.763969055759
855, 211.1249699203422, 1011.7938779511218, 5905.445513628878
856, 361.1222137052044, 979.6680603732823, 5705.240889232622
857, 89.99030965926204, 907.111434758746, 93464.24456572624
858, 90.53084142233013, 905.9278762731816, 5322.735022354747
859, 98.53527940718033, 923.3421024426555, 93081.89791221211
860, 99.05515857205283, 884.062985676412, 5851.210800262744
861, 110.54925392990674, 924.2655931218148, 90845.18374212438
862, 111.04317353567878, 881.3501141710461, 8771.85642411863
863, 131.06941127455335, 898.4858667292626, 89999.33906860002
864, 131.55424000606055, 922.8042970026097, 10105.6570119786
865, 179.08358556599356, 915.0305706881333, 95456.82563084456
866, 180.0667159586687, 889.3514434197222, 5380.717891492018
867, 196.08651854740586, 922.8272503878084, 93675.30784106237
868, 197.09548832062646, 893.8388754848017, 5580.6231742122545
869, 201.04033748857736, 907.6161672854734, 93827.57791167467
870, 202.04448616430304, 886.2997849503279, 6911.0522526023315
871, 211.09547172460023, 905.6709708493893, 92322.54834420793
872, 212.08864616375018, 889.5337665684032, 8630.909047062729
873, 220.08258418981598, 899.1101849177991, 92662.831487636
874, 221.07937245861686, 921.9674602790479, 7779.312734514274
875, 242.05754378630877, 907.0574222287906, 91131.29385729108
876, 243.05932372366334, 890.1451768153146, 9097.193050383867
877, 261.1011165197548, 912.6892477205868, 89193.13643830964
878, 262.1193412713702, 896.5690561615595, 8442.71913035396
879, 357.0895759154375, 900.1012632116527, 84723.85304706242
880, 358.09804205795695, 911.1514752860703, 9381.981360610163
881, 379.1016767602995, 887.1632945117201, 87602.09512524334
882, 380.06907885486066, 901.7337172471916, 10316.949203096008
883, 398.109105467253, 903.8272086441649, 84391.99802030438
884, 399.13513436210644, 915.7210967858869, 13139.452764540836
885, 91.02896129253791, 1217.7532136663563, 119391.67798859664
886, 91.55458160289547, 1251.3352118229864, 5082.73048790244
887, 99.54379320782361, 1259.575242031739, 119648.90346465886
888, 100.03626050616379, 1246.999786078813, 8710.767535204113
889, 111.55627348477134, 1234.4646030808244, 117851.3435214598
890, 112.0413941763125, 1244.0525831883847, 10141.28714682663
891, 132.06685410845904, 1256.3501925473608, 114406.29158515812
892, 132.5619280153828, 1236.0225606191573, 11288.74366753135
893, 181.0812611511385, 1242.0234514317171, 117991.09312021603
894, 182.0697381782554, 1211.8741085019035, 8063.712744587807
895, 198.1215177642617, 1281.2874061654775, 121422.85926139489
896, 199.11203392832226, 1239.2202460137082, 9637.606504397121
897, 203.0472221465159, 1259.529320263531, 119355.83298080742
898, 204.031357784633, 1271.988571021693, 6294.591603981477
899, 213.10361480831781, 1264.253177617605, 120482.91136938508
900, 214.09601794135287, 1256.8796538111676, 8715.166835640619
901, 222.107694560021, 1228.1049513555727, 116312.35496155197
902, 223.12436313858703, 1241.4347816632705, 12276.97414610056
903, 244.07445024539717, 1245.5012711312602, 116302.19581671289
904, 245.0789521838219, 1250.8726743935424, 10166.31649656304
905, 263.0867886341892, 1234.71128232347, 115839.46583600884
906, 264.1199671977784, 1214.252762179868, 12601.084066830701
907, 361.13288963651155, 1242.2566002424046, 109927.28945682825
908, 362.14586558067754, 1243.826690856876, 15067.418806968779
909, 383.1018795415099, 1236.7638732304786, 110873.65602020724
910, 384.1324074238216, 1248.7038467118082, 15305.570530097379
911, 402.14673558711246, 1248.3506099088104, 107967.43860645969
912, 403.16392739835686, 1233.7319137614588, 15433.070257832738
913, 62.517138093067665, 1118.6508200013516, 536760.2912547933
914, 63.03053269182429, 1081.3601730190874, 33306.27680589728
915, 71.02596858686799, 1103.6165176480774, 536236.1567965199
916, 71.54840254171106, 1094.7719998508592, 36106.72167733422
917, 83.02782611650439, 1095.243596063836, 524689.2170799138
918, 83.54399225309348, 1086.7475177465383, 45034.870981003034
919, 103.5513872728376, 1109.3805198566035, 509873.2532065349
920, 104.05363572720469, 1073.3037916020985, 5996.079079800082
921, 104.05376413920435, 1094.8311916098883, 54097.60951529004
922, 124.03548141184892, 1103.9528962844956, 538298.5644649527
923, 125.02962859521723, 1103.9640038508642, 35939.54162446228
924, 141.07972862287102, 1105.8811824555821, 533921.7368814301
925, 142.07025883247212, 1109.172405005205, 34749.92148923147
926, 146.04052668255076, 1108.719079823244, 538195.6983531376
927, 147.01449524268236, 1082.7127703195679, 36188.99538428601
928, 156.08243203294694, 1091.1757367098096, 531059.3783145724
929, 157.0714466382193, 1091.1191924806465, 41177.2200706148
930, 165.05132759581505, 1104.42133471679, 525712.4951515427
931, 166.07471775480178, 1073.8879787902242, 46806.65177630587
932, 187.03209791797983, 1085.164609663819, 524530.8583185794
933, 188.02082067904166, 1093.6153038283592, 5150.105697427158
934, 188.02923356444333, 1086.7200245278357, 44900.75396433308
935, 206.08032322289765, 1091.7264312196112, 513818.5517671597
936, 207.07776216151458, 1092.7134872783329, 5956.424072760108
937, 207.1110041790398, 1084.1581460994403, 55114.689346544066
938, 247.09355793403475, 1122.4301280183554, 499923.287871618
939, 248.06492543134638, 1083.097047438858, 65832.97762108094
940, 269.0435315177786, 1099.9190445646893, 498855.2510309579
941, 270.0563387710408, 1085.619871085444, 63539.64675532848
942, 288.1307019527391, 1097.5701191459555, 487057.02563420683
943, 290.0800032111333, 1104.0650497775862, 6260.03800328655
944, 289.0952612465428, 1086.9589763545316, 6132.008029760751
945, 289.0959469662984, 1103.5178887346917, 74019.73304505934
946, 362.6716028308746, 346.2664360487013, 16072.082275376035
947, 363.1643803173447, 383.86741603709163, 6270.905442905807
948, 371.1955740278912, 393.352724295505, 14918.215701131336
949, 371.6950268441773, 365.2244838648395, 5739.457975863145
950, 383.1630183500021, 380.1747849782207, 18129.612530259095
951, 403.70227317704905, 385.91638409062756, 15182.180044212453
952, 404.16765634010346, 372.11787419341965, 5807.471807571198
953, 724.3411591685114, 363.44423554198, 14890.980862663106
954, 725.28918990641, 373.9614171724959, 8732.126158818755
955, 741.3414161409909, 339.59577133576704, 15506.359755058087
956, 746.2919737558321, 396.42171113857586, 15922.045591932876
957, 756.3403724636503, 339.8630657314564, 17722.96273477877
958, 765.3400253097321, 352.34739620602977, 16208.204035313163
959, 787.3374335903001, 375.16532723902344, 16143.241531921
960, 806.3453966775959, 356.0183564316584, 14792.729790545069
961, 1447.6034273101973, 365.891671531597, 10082.529299567086
962, 1448.6256138936292, 387.67427104142826, 5000.051398366913
963, 1469.6209746086283, 382.227556374848, 11704.080278957243
964, 1470.596117638114, 323.64486203939174, 5417.271541843653
965, 1488.643174999736, 378.39611846087445, 10305.85085391618
966, 1489.643036061439, 372.48147133175536, 5110.267218375535
