48.0065,38.3392,118.484,0,0.996169,0.908115,0.688463,NaN,0.645222,NaN,NaN,NaN,-0.113283,NaN,0.775674,NaN,NaN,NaN,NaN,NaN,NaN,NaN,NaN,NaN,NaN,0.765776,NaN,NaN,NaN,-0.889937,NaN,NaN,NaN,-0.707655,NaN,NaN,NaN,NaN,NaN,NaN,NaN,NaN,NaN,NaN,NaN,0.084095,NaN,NaN,0.526387,NaN,NaN,NaN,NaN,NaN,NaN,NaN,NaN,NaN,NaN,NaN,NaN,NaN,NaN,-0.859044,0.0661002,NaN,NaN,NaN,NaN,NaN,0.191112,NaN,NaN,NaN,NaN,NaN,NaN,NaN,NaN,NaN,NaN,NaN,NaN,NaN,NaN,NaN,NaN,NaN,NaN,0.723978,NaN,NaN,NaN,NaN,-0.0801064,NaN,-0.582898,NaN,NaN,NaN,NaN,NaN,NaN,NaN,NaN,NaN,NaN,NaN,NaN,NaN,NaN,NaN,NaN,NaN,NaN,NaN,NaN,NaN,NaN,NaN,NaN,NaN,NaN,NaN,0.898037,NaN,0.624395,NaN,NaN,NaN,NaN,NaN,NaN,NaN,NaN,NaN,NaN,-0.684347,NaN,1
20.338,47.2029,119.081,0.996169,0,0.605723,0.996421,0.807255,0.620376,NaN,NaN,-0.500396,NaN,NaN,NaN,NaN,NaN,-0.469612,NaN,NaN,NaN,NaN,NaN,NaN,NaN,NaN,NaN,NaN,NaN,NaN,NaN,NaN,NaN,NaN,NaN,NaN,NaN,NaN,NaN,NaN,NaN,NaN,NaN,NaN,NaN,NaN,0.0443479,NaN,NaN,NaN,NaN,NaN,NaN,NaN,NaN,NaN,NaN,NaN,NaN,NaN,NaN,NaN,NaN,NaN,NaN,NaN,NaN,NaN,NaN,NaN,NaN,NaN,NaN,NaN,NaN,NaN,NaN,NaN,NaN,NaN,NaN,NaN,NaN,NaN,-0.901091,NaN,-0.438451,NaN,-0.239348,NaN,NaN,-0.211431,NaN,NaN,NaN,NaN,NaN,NaN,NaN,NaN,NaN,NaN,NaN,NaN,NaN,NaN,NaN,NaN,NaN,NaN,NaN,NaN,NaN,NaN,NaN,NaN,NaN,0.309515,NaN,NaN,NaN,NaN,NaN,NaN,NaN,NaN,NaN,0.879297,NaN,NaN,NaN,NaN,0.110471,NaN,0.236581,0.797918,NaN,NaN,NaN,4
90.4466,75.9754,119.861,0.908115,0.605723,0,0.924915,NaN,NaN,NaN,0.599372,NaN,-0.658477,NaN,0.58975,NaN,NaN,NaN,NaN,NaN,-0.482568,NaN,NaN,-0.801033,NaN,0.802973,NaN,NaN,NaN,NaN,NaN,NaN,NaN,NaN,NaN,NaN,-0.318093,NaN,NaN,NaN,NaN,NaN,NaN,NaN,NaN,NaN,NaN,NaN,NaN,NaN,NaN,NaN,NaN,NaN,NaN,0.657977,NaN,0.344093,NaN,NaN,NaN,NaN,NaN,NaN,NaN,NaN,NaN,NaN,NaN,NaN,NaN,NaN,NaN,NaN,NaN,NaN,NaN,-0.119598,NaN,NaN,NaN,NaN,NaN,NaN,NaN,NaN,NaN,NaN,NaN,NaN,NaN,NaN,-0.567269,NaN,NaN,NaN,NaN,NaN,NaN,0.0787717,NaN,NaN,NaN,NaN,NaN,NaN,NaN,NaN,NaN,NaN,NaN,NaN,NaN,NaN,NaN,NaN,-0.125162,NaN,NaN,NaN,0.330743,NaN,NaN,NaN,NaN,-0.888126,NaN,NaN,NaN,NaN,NaN,NaN,NaN,NaN,NaN,NaN,NaN,NaN,NaN,7
105.658,45.6782,118.375,0.688463,0.996421,0.924915,0,0.950811,0.768553,NaN,NaN,NaN,NaN,NaN,NaN,NaN,NaN,NaN,NaN,NaN,NaN,NaN,NaN,NaN,NaN,NaN,NaN,NaN,NaN,NaN,NaN,NaN,NaN,NaN,NaN,0.347591,NaN,NaN,NaN,NaN,NaN,NaN,NaN,NaN,NaN,NaN,NaN,NaN,NaN,NaN,NaN,0.226181,NaN,NaN,NaN,NaN,NaN,NaN,NaN,NaN,NaN,NaN,NaN,NaN,NaN,0.103388,NaN,NaN,NaN,NaN,NaN,NaN,NaN,NaN,NaN,NaN,NaN,NaN,NaN,NaN,-0.0992191,NaN,NaN,NaN,NaN,NaN,NaN,NaN,NaN,NaN,NaN,NaN,NaN,NaN,NaN,NaN,NaN,NaN,NaN,NaN,NaN,NaN,NaN,NaN,NaN,-0.677425,NaN,NaN,NaN,NaN,-0.607268,NaN,NaN,NaN,NaN,NaN,NaN,NaN,NaN,NaN,NaN,NaN,NaN,NaN,NaN,NaN,0.46581,NaN,-0.901255,NaN,NaN,NaN,NaN,NaN,-0.526275,NaN,NaN,NaN,NaN,8
90.8789,79.5206,118.53,NaN,0.807255,NaN,0.950811,0,0.630972,NaN,NaN,NaN,NaN,0.514446,NaN,NaN,NaN,NaN,NaN,NaN,NaN,NaN,-0.204144,NaN,NaN,NaN,NaN,0.275781,NaN,NaN,NaN,NaN,NaN,NaN,NaN,NaN,NaN,NaN,-0.595061,NaN,NaN,NaN,NaN,-0.870227,0.888093,NaN,NaN,0.110001,NaN,NaN,NaN,0.182159,NaN,NaN,NaN,NaN,NaN,NaN,NaN,NaN,NaN,NaN,0.208291,NaN,NaN,NaN,NaN,NaN,NaN,NaN,NaN,NaN,NaN,NaN,NaN,NaN,NaN,NaN,NaN,NaN,NaN,NaN,NaN,NaN,NaN,NaN,NaN,NaN,NaN,NaN,0.0678786,NaN,NaN,NaN,0.264604,NaN,NaN,NaN,NaN,NaN,NaN,NaN,NaN,NaN,NaN,NaN,0.115098,NaN,NaN,NaN,NaN,NaN,NaN,NaN,0.571405,NaN,NaN,NaN,NaN,NaN,NaN,NaN,NaN,NaN,NaN,NaN,NaN,NaN,NaN,NaN,NaN,NaN,NaN,NaN,NaN,NaN,NaN,NaN,NaN,9
56.0383,91.02,117.364,0.645222,0.620376,NaN,0.768553,0.630972,0,NaN,NaN,NaN,NaN,NaN,NaN,NaN,NaN,NaN,NaN,NaN,NaN,NaN,NaN,NaN,NaN,NaN,NaN,NaN,NaN,NaN,NaN,NaN,NaN,NaN,NaN,NaN,NaN,NaN,NaN,NaN,NaN,NaN,NaN,NaN,NaN,NaN,NaN,NaN,NaN,-0.236254,NaN,NaN,NaN,NaN,NaN,-0.425564,0.940566,NaN,NaN,NaN,NaN,NaN,NaN,NaN,NaN,NaN,NaN,NaN,NaN,NaN,NaN,NaN,NaN,NaN,NaN,NaN,-0.832035,NaN,NaN,NaN,NaN,NaN,NaN,NaN,NaN,NaN,0.946766,NaN,NaN,NaN,NaN,NaN,NaN,NaN,NaN,NaN,NaN,NaN,NaN,NaN,NaN,NaN,NaN,NaN,NaN,NaN,NaN,NaN,-0.0119394,NaN,NaN,NaN,NaN,NaN,NaN,0.172068,NaN,NaN,NaN,NaN,NaN,NaN,NaN,0.508681,NaN,NaN,NaN,NaN,NaN,NaN,NaN,NaN,NaN,NaN,NaN,NaN,0.313056,NaN,NaN,10
53.4271,17.8123,178.01,NaN,NaN,NaN,NaN,NaN,NaN,0,0.952069,0.752093,0.726261,NaN,0.969653,NaN,0.719823,0.892237,0.81409,NaN,NaN,NaN,NaN,NaN,NaN,NaN,NaN,NaN,NaN,NaN,NaN,NaN,NaN,NaN,0.245733,NaN,NaN,NaN,NaN,NaN,NaN,NaN,NaN,NaN,NaN,NaN,NaN,NaN,NaN,NaN,NaN,NaN,NaN,NaN,NaN,NaN,-0.738352,NaN,NaN,NaN,NaN,-0.337496,NaN,NaN,NaN,NaN,NaN,NaN,NaN,NaN,NaN,NaN,NaN,NaN,NaN,NaN,-0.569458,NaN,NaN,NaN,NaN,NaN,NaN,NaN,NaN,NaN,NaN,NaN,NaN,0.546999,NaN,NaN,NaN,NaN,NaN,NaN,-0.953611,NaN,NaN,NaN,NaN,NaN,NaN,NaN,NaN,NaN,NaN,NaN,NaN,NaN,NaN,NaN,NaN,NaN,NaN,NaN,NaN,NaN,NaN,NaN,NaN,NaN,NaN,NaN,NaN,NaN,NaN,NaN,NaN,NaN,NaN,NaN,NaN,NaN,NaN,NaN,NaN,NaN,NaN,11
64.9229,48.4339,177.376,NaN,NaN,0.599372,NaN,NaN,NaN,0.952069,0,0.913188,0.993601,0.655829,0.424213,0.772431,0.795822,0.949675,NaN,NaN,NaN,NaN,NaN,NaN,NaN,NaN,NaN,NaN,NaN,NaN,NaN,NaN,NaN,NaN,NaN,NaN,NaN,NaN,NaN,NaN,NaN,NaN,NaN,NaN,0.436513,NaN,NaN,NaN,NaN,NaN,NaN,NaN,NaN,NaN,NaN,NaN,NaN,NaN,NaN,NaN,0.312449,NaN,NaN,NaN,NaN,NaN,-0.300624,NaN,NaN,NaN,-0.654294,NaN,NaN,NaN,-0.854737,NaN,NaN,NaN,NaN,NaN,NaN,NaN,NaN,NaN,NaN,NaN,NaN,NaN,NaN,NaN,NaN,NaN,NaN,NaN,NaN,NaN,NaN,NaN,NaN,NaN,NaN,NaN,NaN,NaN,NaN,NaN,NaN,NaN,NaN,NaN,NaN,NaN,NaN,NaN,NaN,NaN,NaN,NaN,NaN,NaN,NaN,NaN,NaN,NaN,NaN,-0.184251,NaN,NaN,NaN,NaN,NaN,NaN,NaN,NaN,0.651716,NaN,NaN,NaN,NaN,12
64.3331,90.7523,176.482,NaN,-0.500396,NaN,NaN,NaN,NaN,0.752093,0.913188,0,0.988794,0.767083,0.892781,0.732971,0.51554,0.911853,0.599591,NaN,NaN,NaN,NaN,NaN,NaN,NaN,NaN,NaN,0.300915,NaN,NaN,NaN,NaN,NaN,NaN,NaN,-0.00376328,NaN,NaN,0.317822,NaN,NaN,NaN,NaN,NaN,NaN,NaN,NaN,NaN,NaN,NaN,NaN,NaN,NaN,NaN,NaN,NaN,NaN,NaN,0.188783,NaN,NaN,NaN,NaN,NaN,NaN,NaN,NaN,NaN,NaN,NaN,NaN,NaN,NaN,0.878689,NaN,NaN,NaN,0.0803398,NaN,NaN,NaN,NaN,NaN,0.9466,0.0557852,NaN,NaN,NaN,NaN,NaN,NaN,NaN,NaN,NaN,NaN,NaN,NaN,NaN,NaN,NaN,NaN,NaN,NaN,NaN,NaN,NaN,NaN,NaN,NaN,NaN,NaN,NaN,-0.170348,NaN,NaN,NaN,NaN,NaN,NaN,NaN,NaN,0.341638,NaN,NaN,NaN,-0.117123,NaN,NaN,NaN,NaN,NaN,NaN,NaN,NaN,NaN,NaN,NaN,NaN,13
105.815,34.4822,179.358,-0.113283,NaN,-0.658477,NaN,NaN,NaN,0.726261,0.993601,0.988794,0,0.683393,0.729886,NaN,0.349469,0.964218,0.754749,NaN,NaN,NaN,NaN,NaN,NaN,NaN,NaN,NaN,NaN,NaN,NaN,NaN,NaN,NaN,NaN,NaN,NaN,NaN,-0.829841,NaN,NaN,-0.359212,NaN,NaN,NaN,NaN,NaN,NaN,NaN,NaN,NaN,NaN,NaN,NaN,NaN,NaN,NaN,NaN,NaN,NaN,NaN,NaN,NaN,NaN,NaN,NaN,NaN,NaN,NaN,NaN,NaN,NaN,NaN,0.338846,NaN,NaN,NaN,NaN,NaN,NaN,-0.506111,NaN,NaN,NaN,NaN,NaN,NaN,NaN,NaN,NaN,-0.552497,NaN,NaN,NaN,-0.90755,NaN,NaN,-0.855559,NaN,NaN,NaN,NaN,NaN,NaN,NaN,NaN,NaN,NaN,-0.576921,NaN,NaN,NaN,NaN,NaN,NaN,NaN,NaN,NaN,NaN,0.479582,NaN,NaN,NaN,NaN,NaN,0.60781,NaN,NaN,NaN,0.240375,NaN,NaN,NaN,NaN,-0.256744,NaN,0.935319,NaN,NaN,14
56.1364,10.1369,176.756,NaN,NaN,NaN,NaN,0.514446,NaN,NaN,0.655829,0.767083,0.683393,0,NaN,0.967055,0.598178,0.703462,0.992895,NaN,NaN,NaN,NaN,NaN,NaN,NaN,NaN,NaN,NaN,NaN,NaN,NaN,NaN,NaN,-0.63455,NaN,NaN,0.142501,NaN,NaN,NaN,NaN,NaN,NaN,NaN,NaN,NaN,NaN,NaN,NaN,NaN,NaN,NaN,NaN,NaN,0.503044,-0.946715,NaN,-0.407266,0.816475,NaN,NaN,NaN,-0.973617,NaN,NaN,-0.431757,NaN,NaN,NaN,NaN,NaN,NaN,NaN,NaN,NaN,NaN,NaN,NaN,NaN,NaN,NaN,-0.534649,NaN,NaN,NaN,0.119671,NaN,NaN,NaN,NaN,NaN,NaN,NaN,NaN,NaN,NaN,NaN,NaN,NaN,NaN,NaN,NaN,0.792918,-0.634681,NaN,NaN,NaN,0.506194,NaN,NaN,NaN,-0.119283,NaN,NaN,NaN,NaN,NaN,NaN,NaN,NaN,NaN,-0.392596,NaN,-0.0771524,NaN,NaN,NaN,NaN,NaN,NaN,-0.135753,NaN,NaN,NaN,NaN,NaN,NaN,NaN,15
13.9678,104.882,177.136,0.775674,NaN,0.58975,NaN,NaN,NaN,0.969653,0.424213,0.892781,0.729886,NaN,0,0.555521,0.820154,0.934957,0.987972,-0.186329,NaN,NaN,NaN,NaN,NaN,NaN,NaN,NaN,NaN,NaN,NaN,NaN,NaN,NaN,-0.437534,NaN,NaN,NaN,NaN,-0.514725,NaN,NaN,0.963594,NaN,0.239928,NaN,NaN,NaN,NaN,NaN,NaN,NaN,-0.881074,NaN,NaN,NaN,-0.681771,NaN,NaN,0.907916,NaN,NaN,NaN,NaN,NaN,NaN,NaN,NaN,NaN,NaN,NaN,NaN,NaN,NaN,NaN,NaN,NaN,NaN,NaN,NaN,NaN,NaN,NaN,NaN,NaN,NaN,NaN,NaN,NaN,NaN,NaN,NaN,NaN,NaN,NaN,NaN,NaN,NaN,NaN,NaN,NaN,NaN,NaN,NaN,-0.139213,NaN,NaN,NaN,NaN,NaN,NaN,NaN,NaN,NaN,NaN,NaN,NaN,NaN,NaN,NaN,NaN,NaN,NaN,NaN,0.95003,NaN,NaN,NaN,NaN,NaN,NaN,NaN,NaN,NaN,NaN,NaN,NaN,NaN,NaN,16
63.7275,21.7046,179.844,NaN,NaN,NaN,NaN,NaN,NaN,NaN,0.772431,0.732971,NaN,0.967055,0.555521,0,0.923073,0.821865,0.70956,NaN,NaN,NaN,NaN,-0.516329,NaN,NaN,NaN,NaN,NaN,NaN,NaN,NaN,NaN,NaN,NaN,NaN,NaN,NaN,NaN,NaN,NaN,NaN,NaN,NaN,0.336163,NaN,NaN,NaN,0.226166,NaN,NaN,-0.541471,NaN,NaN,NaN,NaN,NaN,NaN,NaN,NaN,-0.81698,NaN,NaN,NaN,NaN,-0.237546,NaN,NaN,NaN,NaN,NaN,0.886555,NaN,-0.60122,NaN,NaN,NaN,NaN,-0.496389,NaN,NaN,NaN,NaN,NaN,NaN,NaN,NaN,NaN,NaN,NaN,NaN,NaN,NaN,NaN,NaN,NaN,NaN,NaN,NaN,NaN,NaN,NaN,NaN,NaN,-0.662025,NaN,NaN,NaN,NaN,NaN,NaN,NaN,NaN,NaN,NaN,NaN,NaN,NaN,NaN,NaN,NaN,NaN,NaN,NaN,NaN,NaN,-0.933494,NaN,NaN,NaN,NaN,NaN,NaN,NaN,NaN,NaN,NaN,NaN,NaN,17
43.5332,105.729,178.912,NaN,NaN,NaN,NaN,NaN,NaN,0.719823,0.795822,0.51554,0.349469,0.598178,0.820154,0.923073,0,0.958608,0.875143,NaN,NaN,NaN,NaN,NaN,0.10283,NaN,NaN,NaN,NaN,NaN,NaN,NaN,NaN,NaN,NaN,NaN,NaN,NaN,NaN,NaN,NaN,NaN,NaN,NaN,NaN,NaN,NaN,NaN,0.426648,NaN,-0.0600583,NaN,NaN,NaN,-0.595879,NaN,NaN,NaN,NaN,-0.584419,NaN,NaN,NaN,NaN,NaN,NaN,NaN,NaN,NaN,NaN,0.0847777,NaN,NaN,NaN,NaN,NaN,NaN,NaN,NaN,NaN,-0.133816,NaN,0.739924,NaN,NaN,NaN,NaN,NaN,NaN,NaN,NaN,NaN,NaN,0.150246,NaN,NaN,NaN,NaN,NaN,NaN,NaN,NaN,NaN,NaN,NaN,NaN,-0.797218,NaN,NaN,NaN,NaN,NaN,NaN,NaN,NaN,NaN,NaN,NaN,NaN,-0.581535,NaN,NaN,NaN,NaN,NaN,NaN,NaN,NaN,NaN,NaN,NaN,-0.302165,NaN,NaN,NaN,NaN,0.935163,NaN,NaN,18
8.85004,32.807,177.593,NaN,-0.469612,NaN,NaN,NaN,NaN,0.892237,0.949675,0.911853,0.964218,0.703462,0.934957,0.821865,0.958608,0,0.784942,NaN,NaN,-0.851457,NaN,NaN,NaN,NaN,0.416642,NaN,0.682606,NaN,NaN,NaN,NaN,NaN,NaN,NaN,NaN,NaN,NaN,NaN,NaN,NaN,NaN,NaN,NaN,NaN,NaN,NaN,NaN,NaN,NaN,NaN,NaN,NaN,NaN,NaN,0.134388,NaN,NaN,NaN,NaN,NaN,NaN,-0.657985,NaN,0.524116,NaN,NaN,NaN,NaN,NaN,NaN,NaN,NaN,-0.202275,NaN,NaN,NaN,NaN,NaN,NaN,NaN,NaN,NaN,NaN,NaN,NaN,NaN,NaN,NaN,NaN,NaN,NaN,NaN,NaN,NaN,NaN,NaN,NaN,NaN,-0.222169,NaN,NaN,0.239544,NaN,-0.0727435,NaN,NaN,NaN,NaN,NaN,NaN,NaN,NaN,NaN,NaN,NaN,NaN,NaN,NaN,-0.363811,NaN,NaN,NaN,NaN,NaN,NaN,NaN,NaN,NaN,NaN,NaN,NaN,NaN,-0.228721,NaN,NaN,NaN,NaN,19
33.9035,24.2543,177.678,NaN,NaN,NaN,NaN,NaN,NaN,0.81409,NaN,0.599591,0.754749,0.992895,0.987972,0.70956,0.875143,0.784942,0,-0.137931,NaN,NaN,NaN,NaN,NaN,NaN,NaN,NaN,0.119841,NaN,0.247994,NaN,NaN,0.666455,NaN,NaN,NaN,NaN,NaN,NaN,NaN,NaN,0.968267,NaN,NaN,NaN,NaN,NaN,NaN,NaN,NaN,NaN,NaN,NaN,NaN,NaN,NaN,NaN,NaN,0.372496,NaN,NaN,NaN,NaN,NaN,0.0248188,NaN,NaN,NaN,NaN,NaN,NaN,NaN,NaN,NaN,NaN,NaN,NaN,NaN,NaN,NaN,NaN,NaN,NaN,NaN,NaN,NaN,NaN,NaN,NaN,NaN,NaN,0.701841,NaN,NaN,NaN,NaN,NaN,NaN,NaN,NaN,NaN,NaN,NaN,NaN,NaN,NaN,0.27613,NaN,-0.927636,NaN,NaN,NaN,-0.944201,NaN,NaN,NaN,NaN,NaN,NaN,NaN,NaN,NaN,NaN,NaN,NaN,NaN,NaN,NaN,0.185824,NaN,NaN,NaN,NaN,NaN,-0.398517,NaN,NaN,NaN,20
68.4485,28.3976,195.911,NaN,NaN,NaN,NaN,NaN,NaN,NaN,NaN,NaN,NaN,NaN,-0.186329,NaN,NaN,NaN,-0.137931,0,0.397045,NaN,0.914316,0.852325,0.786073,0.823106,0.965991,NaN,NaN,NaN,NaN,NaN,NaN,NaN,NaN,NaN,NaN,NaN,NaN,NaN,NaN,NaN,NaN,NaN,NaN,NaN,NaN,NaN,NaN,NaN,NaN,NaN,0.254023,NaN,NaN,NaN,0.170073,-0.985725,NaN,NaN,NaN,NaN,NaN,NaN,NaN,NaN,NaN,NaN,-0.0487374,NaN,NaN,-0.333047,0.811062,NaN,NaN,NaN,NaN,NaN,NaN,NaN,NaN,NaN,NaN,0.520309,NaN,NaN,NaN,NaN,NaN,NaN,NaN,NaN,NaN,NaN,NaN,0.287886,NaN,NaN,NaN,NaN,NaN,NaN,NaN,NaN,0.0150896,0.555025,NaN,NaN,NaN,NaN,NaN,NaN,NaN,NaN,NaN,NaN,NaN,NaN,NaN,NaN,NaN,0.13767,NaN,NaN,NaN,NaN,NaN,NaN,NaN,NaN,NaN,NaN,NaN,0.707208,NaN,0.795469,NaN,-0.525363,NaN,22
102.222,51.4077,197.393,NaN,NaN,-0.482568,NaN,NaN,NaN,NaN,NaN,NaN,NaN,NaN,NaN,NaN,NaN,NaN,NaN,0.397045,0,0.968008,0.0518002,0.81089,0.895636,0.974384,0.930942,NaN,NaN,NaN,NaN,NaN,NaN,-0.174619,-0.0574239,NaN,0.137189,NaN,NaN,NaN,NaN,NaN,NaN,NaN,NaN,NaN,NaN,NaN,NaN,NaN,NaN,-0.315088,NaN,NaN,-0.180778,NaN,NaN,NaN,NaN,NaN,NaN,NaN,NaN,NaN,NaN,NaN,NaN,NaN,NaN,NaN,NaN,NaN,NaN,NaN,NaN,NaN,NaN,NaN,NaN,NaN,NaN,NaN,NaN,NaN,NaN,NaN,NaN,NaN,NaN,-0.257321,NaN,NaN,NaN,NaN,NaN,0.92945,NaN,NaN,NaN,NaN,NaN,NaN,NaN,NaN,NaN,NaN,NaN,NaN,NaN,NaN,0.244794,NaN,NaN,NaN,NaN,NaN,NaN,NaN,NaN,NaN,NaN,NaN,NaN,NaN,NaN,NaN,0.799555,NaN,NaN,NaN,NaN,NaN,NaN,NaN,NaN,NaN,NaN,NaN,NaN,23
54.6821,53.82,197.112,NaN,NaN,NaN,NaN,NaN,NaN,NaN,NaN,NaN,NaN,NaN,NaN,NaN,NaN,-0.851457,NaN,NaN,0.968008,0,0.960062,0.866077,0.870657,NaN,0.863015,NaN,NaN,NaN,NaN,NaN,0.126885,NaN,NaN,NaN,NaN,NaN,NaN,NaN,NaN,NaN,NaN,0.455983,NaN,NaN,NaN,NaN,NaN,NaN,NaN,NaN,NaN,NaN,NaN,NaN,NaN,NaN,NaN,NaN,NaN,NaN,NaN,NaN,NaN,NaN,NaN,NaN,NaN,NaN,NaN,NaN,NaN,NaN,NaN,NaN,NaN,NaN,NaN,NaN,NaN,NaN,NaN,NaN,NaN,NaN,NaN,NaN,NaN,NaN,NaN,NaN,NaN,NaN,NaN,0.506475,NaN,NaN,NaN,NaN,NaN,NaN,NaN,NaN,NaN,NaN,NaN,NaN,NaN,NaN,NaN,NaN,NaN,NaN,NaN,NaN,NaN,NaN,NaN,NaN,NaN,NaN,NaN,NaN,NaN,NaN,NaN,NaN,NaN,NaN,-0.71341,NaN,NaN,NaN,NaN,NaN,NaN,NaN,NaN,25
90.5521,32.6189,197.067,NaN,NaN,NaN,NaN,-0.204144,NaN,NaN,NaN,NaN,NaN,NaN,NaN,NaN,NaN,NaN,NaN,0.914316,0.0518002,0.960062,0,0.814534,0.817165,0.970984,NaN,NaN,NaN,NaN,NaN,NaN,NaN,0.700704,NaN,NaN,NaN,NaN,NaN,-0.756753,NaN,NaN,0.551316,NaN,NaN,NaN,-0.3103,NaN,NaN,NaN,NaN,NaN,NaN,NaN,NaN,NaN,NaN,NaN,NaN,NaN,NaN,NaN,NaN,0.647619,NaN,NaN,-0.87096,NaN,NaN,NaN,NaN,NaN,0.751434,0.27082,NaN,NaN,NaN,-0.926965,NaN,NaN,NaN,NaN,NaN,NaN,NaN,NaN,NaN,NaN,NaN,NaN,NaN,NaN,NaN,NaN,NaN,-0.602482,0.211473,0.628833,NaN,NaN,NaN,NaN,-0.813676,NaN,NaN,NaN,0.230575,NaN,NaN,NaN,NaN,NaN,NaN,NaN,NaN,NaN,NaN,NaN,NaN,NaN,NaN,NaN,NaN,NaN,NaN,NaN,NaN,NaN,NaN,NaN,NaN,NaN,NaN,NaN,NaN,0.0682554,NaN,NaN,NaN,26
68.1556,81.3557,194.25,NaN,NaN,-0.801033,NaN,NaN,NaN,NaN,NaN,NaN,NaN,NaN,NaN,-0.516329,NaN,NaN,NaN,0.852325,0.81089,0.866077,0.814534,0,0.887958,0.963142,NaN,NaN,NaN,NaN,NaN,NaN,NaN,-0.302801,NaN,NaN,NaN,NaN,NaN,NaN,NaN,NaN,NaN,NaN,-0.686948,-0.955732,NaN,NaN,NaN,NaN,NaN,NaN,NaN,-0.921514,NaN,NaN,NaN,NaN,NaN,NaN,NaN,0.0469296,NaN,NaN,NaN,NaN,NaN,NaN,NaN,NaN,NaN,NaN,NaN,NaN,NaN,NaN,NaN,NaN,NaN,NaN,NaN,NaN,NaN,NaN,NaN,NaN,NaN,NaN,NaN,NaN,NaN,NaN,NaN,NaN,NaN,NaN,NaN,NaN,NaN,NaN,NaN,NaN,-0.0670785,NaN,NaN,-0.975101,NaN,0.0827582,-0.537677,NaN,NaN,NaN,NaN,NaN,NaN,NaN,-0.923409,NaN,NaN,NaN,NaN,NaN,NaN,NaN,NaN,NaN,NaN,NaN,NaN,NaN,-0.25388,NaN,NaN,NaN,NaN,0.483238,NaN,NaN,NaN,27
71.7415,110.166,196.721,NaN,NaN,NaN,NaN,NaN,NaN,NaN,NaN,NaN,NaN,NaN,NaN,NaN,0.10283,NaN,NaN,0.786073,0.895636,0.870657,0.817165,0.887958,0,0.725275,0.516485,NaN,NaN,-0.0496469,NaN,NaN,NaN,0.0151399,NaN,NaN,NaN,NaN,NaN,-0.798369,NaN,NaN,NaN,NaN,NaN,NaN,NaN,NaN,NaN,NaN,0.958047,NaN,NaN,NaN,-0.373262,-0.22898,NaN,NaN,NaN,NaN,NaN,NaN,NaN,NaN,NaN,NaN,NaN,NaN,NaN,NaN,NaN,NaN,NaN,NaN,NaN,NaN,NaN,NaN,NaN,NaN,NaN,NaN,NaN,NaN,NaN,NaN,NaN,NaN,NaN,NaN,NaN,-0.0604638,NaN,NaN,NaN,NaN,NaN,NaN,NaN,0.407396,NaN,NaN,NaN,NaN,NaN,NaN,NaN,NaN,NaN,NaN,-0.0224924,0.411958,NaN,NaN,NaN,NaN,-0.106315,NaN,NaN,NaN,NaN,NaN,NaN,NaN,NaN,NaN,-0.889861,NaN,NaN,NaN,NaN,NaN,NaN,NaN,NaN,NaN,NaN,-0.670426,NaN,28
41.3779,13.9633,196.516,0.765776,NaN,0.802973,NaN,NaN,NaN,NaN,NaN,NaN,NaN,NaN,NaN,NaN,NaN,NaN,NaN,0.823106,0.974384,NaN,0.970984,0.963142,0.725275,0,0.794031,NaN,NaN,NaN,NaN,NaN,NaN,NaN,NaN,NaN,NaN,NaN,NaN,NaN,NaN,NaN,NaN,NaN,NaN,NaN,NaN,NaN,NaN,NaN,NaN,NaN,NaN,0.145108,0.885248,NaN,NaN,NaN,NaN,NaN,NaN,NaN,NaN,NaN,-0.189039,NaN,NaN,NaN,NaN,NaN,NaN,NaN,NaN,NaN,NaN,NaN,NaN,0.921051,NaN,NaN,NaN,NaN,NaN,NaN,NaN,-0.288489,NaN,NaN,NaN,NaN,NaN,-0.472067,NaN,NaN,-0.661349,NaN,NaN,NaN,NaN,NaN,NaN,NaN,NaN,NaN,NaN,NaN,NaN,NaN,NaN,NaN,NaN,NaN,NaN,NaN,NaN,NaN,NaN,NaN,NaN,0.337815,NaN,NaN,NaN,NaN,NaN,NaN,NaN,NaN,NaN,NaN,NaN,NaN,NaN,NaN,NaN,NaN,NaN,NaN,NaN,29
26.1372,54.5329,195.714,NaN,NaN,NaN,NaN,NaN,NaN,NaN,NaN,NaN,NaN,NaN,NaN,NaN,NaN,0.416642,NaN,0.965991,0.930942,0.863015,NaN,NaN,0.516485,0.794031,0,NaN,NaN,NaN,0.116493,NaN,0.388228,NaN,NaN,NaN,NaN,NaN,NaN,NaN,NaN,NaN,NaN,NaN,NaN,NaN,NaN,NaN,NaN,NaN,NaN,NaN,NaN,NaN,NaN,NaN,NaN,NaN,NaN,NaN,NaN,NaN,NaN,0.157566,NaN,NaN,NaN,NaN,NaN,NaN,NaN,NaN,NaN,NaN,NaN,NaN,NaN,NaN,NaN,NaN,NaN,NaN,-0.557674,NaN,NaN,NaN,NaN,NaN,NaN,-0.0673705,0.482287,NaN,NaN,NaN,NaN,NaN,NaN,NaN,NaN,NaN,NaN,NaN,NaN,NaN,0.971504,NaN,NaN,NaN,NaN,NaN,NaN,NaN,NaN,NaN,NaN,NaN,NaN,NaN,NaN,NaN,NaN,NaN,-0.142295,NaN,NaN,NaN,NaN,NaN,NaN,NaN,NaN,NaN,NaN,NaN,0.850483,NaN,NaN,NaN,NaN,30
26.2275,91.6856,129.729,NaN,NaN,NaN,NaN,0.275781,NaN,NaN,NaN,NaN,NaN,NaN,NaN,NaN,NaN,NaN,NaN,NaN,NaN,NaN,NaN,NaN,NaN,NaN,NaN,0,0.99898,0.974978,0.861855,0.735423,0.987303,NaN,NaN,NaN,NaN,NaN,NaN,NaN,NaN,NaN,NaN,NaN,NaN,NaN,NaN,-0.236242,NaN,NaN,NaN,NaN,NaN,NaN,-0.431052,NaN,NaN,NaN,NaN,NaN,NaN,NaN,NaN,NaN,NaN,NaN,NaN,NaN,NaN,NaN,NaN,-0.975421,NaN,NaN,NaN,NaN,NaN,NaN,NaN,NaN,0.865735,NaN,NaN,0.825975,-0.0948818,NaN,NaN,NaN,NaN,NaN,NaN,NaN,NaN,NaN,NaN,NaN,NaN,NaN,NaN,NaN,NaN,0.470544,NaN,NaN,NaN,NaN,NaN,NaN,NaN,NaN,NaN,NaN,NaN,0.335877,NaN,NaN,NaN,NaN,NaN,NaN,NaN,NaN,-0.421567,-0.265256,NaN,NaN,0.347556,NaN,NaN,NaN,NaN,NaN,NaN,NaN,0.543625,NaN,NaN,0.49757,NaN,33
63.6097,88.6624,129.732,NaN,NaN,NaN,NaN,NaN,NaN,NaN,NaN,0.300915,NaN,NaN,NaN,NaN,NaN,0.682606,0.119841,NaN,NaN,NaN,NaN,NaN,NaN,NaN,NaN,0.99898,0,0.750256,0.721716,NaN,NaN,NaN,NaN,NaN,NaN,NaN,NaN,NaN,NaN,NaN,NaN,NaN,NaN,NaN,NaN,NaN,NaN,NaN,NaN,NaN,NaN,NaN,0.447984,NaN,NaN,NaN,0.817803,NaN,NaN,NaN,NaN,NaN,NaN,NaN,NaN,NaN,NaN,0.0306417,0.172782,NaN,NaN,NaN,NaN,NaN,NaN,NaN,NaN,NaN,NaN,0.553645,NaN,NaN,NaN,NaN,NaN,NaN,NaN,NaN,NaN,NaN,NaN,NaN,NaN,NaN,NaN,-0.411905,NaN,NaN,NaN,NaN,NaN,NaN,NaN,NaN,NaN,NaN,NaN,NaN,-0.886565,NaN,NaN,NaN,NaN,-0.299368,NaN,NaN,NaN,NaN,NaN,NaN,NaN,-0.869672,0.292733,NaN,NaN,NaN,0.513615,NaN,NaN,-0.22553,NaN,NaN,NaN,-0.946816,NaN,NaN,NaN,34
56.7739,25.7471,129.9,-0.889937,NaN,NaN,NaN,NaN,NaN,NaN,NaN,NaN,NaN,NaN,NaN,NaN,NaN,NaN,NaN,NaN,NaN,NaN,NaN,NaN,-0.0496469,NaN,NaN,0.974978,0.750256,0,0.728085,0.499586,NaN,NaN,NaN,NaN,NaN,NaN,NaN,NaN,NaN,NaN,NaN,NaN,NaN,NaN,NaN,NaN,NaN,NaN,-0.23243,NaN,NaN,NaN,NaN,NaN,NaN,NaN,NaN,NaN,NaN,NaN,NaN,NaN,NaN,NaN,NaN,NaN,NaN,NaN,NaN,NaN,NaN,NaN,NaN,NaN,NaN,NaN,NaN,NaN,NaN,NaN,-0.625343,NaN,NaN,NaN,NaN,NaN,NaN,NaN,NaN,NaN,NaN,NaN,NaN,NaN,NaN,NaN,NaN,NaN,NaN,NaN,NaN,NaN,NaN,NaN,-0.696585,NaN,NaN,NaN,NaN,NaN,NaN,NaN,NaN,NaN,NaN,NaN,NaN,0.212946,NaN,NaN,NaN,NaN,0.939379,NaN,NaN,NaN,NaN,NaN,NaN,NaN,NaN,0.44008,NaN,NaN,NaN,NaN,NaN,35
69.2663,99.5852,130.032,NaN,NaN,NaN,NaN,NaN,NaN,NaN,NaN,NaN,NaN,NaN,NaN,NaN,NaN,NaN,0.247994,NaN,NaN,NaN,NaN,NaN,NaN,NaN,0.116493,0.861855,0.721716,0.728085,0,0.468361,0.814874,NaN,-0.820595,-0.57878,NaN,NaN,NaN,NaN,NaN,NaN,NaN,NaN,NaN,NaN,NaN,0.459964,0.498647,-0.872815,NaN,NaN,NaN,NaN,0.0842881,-0.245272,NaN,NaN,NaN,NaN,NaN,NaN,NaN,NaN,NaN,NaN,NaN,NaN,NaN,0.677716,0.778757,NaN,NaN,NaN,-0.214876,NaN,NaN,NaN,NaN,NaN,NaN,NaN,NaN,NaN,NaN,0.734768,NaN,NaN,NaN,NaN,NaN,NaN,NaN,NaN,NaN,NaN,NaN,NaN,NaN,NaN,NaN,-0.476264,NaN,NaN,NaN,NaN,NaN,NaN,NaN,NaN,0.0481938,NaN,NaN,NaN,NaN,NaN,NaN,NaN,NaN,NaN,NaN,NaN,NaN,NaN,NaN,NaN,NaN,NaN,NaN,-0.722584,NaN,NaN,-0.102336,NaN,-0.769993,NaN,NaN,NaN,NaN,38
67.8619,35.1903,128.659,NaN,NaN,NaN,NaN,NaN,NaN,NaN,NaN,NaN,NaN,NaN,NaN,NaN,NaN,NaN,NaN,NaN,NaN,NaN,NaN,NaN,NaN,NaN,NaN,0.735423,NaN,0.499586,0.468361,0,0.746635,NaN,NaN,NaN,NaN,NaN,NaN,NaN,NaN,NaN,NaN,NaN,NaN,NaN,NaN,NaN,NaN,NaN,NaN,NaN,NaN,NaN,NaN,-0.241923,NaN,NaN,0.683348,NaN,NaN,NaN,NaN,NaN,NaN,NaN,NaN,NaN,NaN,NaN,NaN,NaN,NaN,NaN,NaN,NaN,NaN,NaN,-0.692256,NaN,NaN,NaN,NaN,NaN,NaN,NaN,NaN,NaN,NaN,NaN,NaN,NaN,NaN,NaN,NaN,NaN,NaN,NaN,NaN,NaN,NaN,NaN,NaN,NaN,NaN,NaN,NaN,NaN,NaN,NaN,NaN,NaN,NaN,NaN,NaN,NaN,NaN,NaN,0.901352,NaN,NaN,NaN,NaN,NaN,NaN,NaN,NaN,NaN,NaN,NaN,0.749527,NaN,NaN,NaN,NaN,NaN,0.447306,NaN,NaN,39
41.6346,101.33,131.052,NaN,NaN,NaN,NaN,NaN,NaN,NaN,NaN,NaN,NaN,NaN,NaN,NaN,NaN,NaN,NaN,NaN,NaN,0.126885,NaN,NaN,NaN,NaN,0.388228,0.987303,NaN,NaN,0.814874,0.746635,0,NaN,NaN,NaN,-0.526624,NaN,NaN,NaN,NaN,NaN,-0.943052,0.363,NaN,NaN,NaN,NaN,NaN,NaN,NaN,NaN,NaN,NaN,NaN,NaN,NaN,NaN,NaN,NaN,NaN,NaN,NaN,NaN,NaN,NaN,NaN,-0.989094,NaN,NaN,NaN,NaN,NaN,NaN,NaN,NaN,NaN,NaN,NaN,NaN,NaN,NaN,NaN,NaN,NaN,NaN,NaN,NaN,NaN,NaN,NaN,NaN,NaN,NaN,NaN,NaN,NaN,NaN,NaN,NaN,0.488815,NaN,NaN,NaN,NaN,NaN,NaN,0.381122,NaN,NaN,NaN,NaN,NaN,0.235874,NaN,NaN,NaN,NaN,NaN,NaN,NaN,NaN,NaN,NaN,NaN,NaN,-0.68759,NaN,NaN,NaN,NaN,NaN,NaN,NaN,NaN,NaN,NaN,NaN,NaN,40
106.699,12.083,174.448,-0.707655,NaN,NaN,NaN,NaN,NaN,NaN,NaN,NaN,NaN,NaN,NaN,NaN,NaN,NaN,0.666455,NaN,-0.174619,NaN,0.700704,-0.302801,0.0151399,NaN,NaN,NaN,NaN,NaN,NaN,NaN,NaN,0,0.854223,0.794761,0.828643,0.948982,0.834566,0.522688,-0.307912,NaN,0.621119,NaN,NaN,NaN,NaN,NaN,NaN,NaN,NaN,NaN,NaN,NaN,NaN,NaN,NaN,NaN,NaN,NaN,NaN,NaN,NaN,NaN,NaN,NaN,NaN,NaN,NaN,-0.346392,NaN,NaN,-0.0568775,NaN,NaN,NaN,NaN,NaN,-0.137141,NaN,NaN,NaN,NaN,0.663786,NaN,NaN,NaN,NaN,NaN,NaN,NaN,NaN,NaN,NaN,NaN,NaN,NaN,NaN,NaN,NaN,NaN,NaN,NaN,NaN,-0.382591,NaN,NaN,NaN,NaN,-0.502692,NaN,-0.737235,NaN,NaN,NaN,NaN,NaN,NaN,NaN,NaN,NaN,NaN,NaN,NaN,NaN,NaN,NaN,NaN,NaN,NaN,NaN,NaN,-0.62132,NaN,NaN,NaN,NaN,NaN,NaN,41
43.6414,62.6983,174.436,NaN,NaN,NaN,NaN,NaN,NaN,0.245733,NaN,NaN,NaN,-0.63455,-0.437534,NaN,NaN,NaN,NaN,NaN,-0.0574239,NaN,NaN,NaN,NaN,NaN,NaN,NaN,NaN,NaN,-0.820595,NaN,NaN,0.854223,0,0.561219,0.766796,0.823363,0.710476,0.844625,NaN,NaN,NaN,NaN,NaN,NaN,-0.53746,NaN,NaN,NaN,NaN,NaN,NaN,NaN,NaN,NaN,NaN,NaN,NaN,NaN,NaN,NaN,NaN,NaN,NaN,NaN,NaN,NaN,NaN,0.262472,NaN,NaN,NaN,NaN,NaN,NaN,NaN,NaN,-0.96932,NaN,-0.717492,NaN,NaN,NaN,NaN,NaN,NaN,NaN,0.987806,NaN,NaN,NaN,NaN,NaN,NaN,NaN,NaN,NaN,NaN,NaN,NaN,0.654048,NaN,NaN,-0.634684,NaN,NaN,NaN,NaN,NaN,NaN,NaN,NaN,NaN,NaN,NaN,NaN,NaN,0.15382,NaN,NaN,NaN,NaN,NaN,NaN,NaN,NaN,NaN,NaN,NaN,NaN,NaN,NaN,NaN,NaN,NaN,NaN,NaN,NaN,44
37.8639,65.1413,172.901,NaN,NaN,NaN,0.347591,NaN,NaN,NaN,NaN,NaN,NaN,NaN,NaN,NaN,NaN,NaN,NaN,NaN,NaN,NaN,NaN,NaN,NaN,NaN,NaN,NaN,NaN,NaN,-0.57878,NaN,NaN,0.794761,0.561219,0,0.654091,0.85355,0.0921857,0.81134,NaN,0.405691,NaN,NaN,NaN,NaN,NaN,NaN,NaN,NaN,NaN,NaN,NaN,NaN,NaN,NaN,NaN,-0.674118,NaN,NaN,NaN,NaN,NaN,NaN,NaN,NaN,NaN,NaN,NaN,NaN,NaN,NaN,-0.821942,NaN,NaN,NaN,NaN,NaN,NaN,0.847814,0.11714,NaN,NaN,NaN,NaN,NaN,NaN,NaN,NaN,NaN,NaN,NaN,NaN,NaN,NaN,NaN,NaN,NaN,NaN,NaN,NaN,NaN,NaN,NaN,0.514924,NaN,NaN,-0.722202,NaN,NaN,-0.821526,NaN,NaN,NaN,NaN,NaN,NaN,NaN,NaN,NaN,NaN,0.825211,NaN,NaN,NaN,NaN,NaN,NaN,NaN,-0.506766,NaN,NaN,NaN,NaN,NaN,NaN,NaN,NaN,NaN,45
21.2355,23.697,172.566,NaN,NaN,-0.318093,NaN,NaN,NaN,NaN,NaN,-0.00376328,NaN,NaN,NaN,NaN,NaN,NaN,NaN,NaN,0.137189,NaN,NaN,NaN,NaN,NaN,NaN,NaN,NaN,NaN,NaN,NaN,-0.526624,0.828643,0.766796,0.654091,0,NaN,0.713494,0.911571,NaN,NaN,NaN,NaN,NaN,NaN,NaN,NaN,-0.73122,NaN,NaN,NaN,NaN,NaN,-0.139414,NaN,NaN,NaN,-0.933601,NaN,NaN,NaN,NaN,NaN,NaN,NaN,NaN,NaN,NaN,NaN,NaN,NaN,NaN,NaN,NaN,NaN,NaN,NaN,NaN,NaN,NaN,NaN,NaN,NaN,NaN,NaN,NaN,NaN,NaN,NaN,NaN,NaN,NaN,NaN,NaN,NaN,NaN,NaN,0.0222664,NaN,NaN,NaN,NaN,NaN,NaN,NaN,NaN,NaN,NaN,NaN,NaN,NaN,-0.36656,0.783415,NaN,NaN,NaN,NaN,NaN,NaN,NaN,NaN,NaN,-0.7879,NaN,0.382034,NaN,NaN,NaN,NaN,NaN,NaN,0.103526,NaN,NaN,NaN,NaN,NaN,NaN,46
36.8813,91.1366,172.831,NaN,NaN,NaN,NaN,NaN,NaN,NaN,NaN,NaN,NaN,0.142501,NaN,NaN,NaN,NaN,NaN,NaN,NaN,NaN,NaN,NaN,NaN,NaN,NaN,NaN,NaN,NaN,NaN,NaN,NaN,0.948982,0.823363,0.85355,NaN,0,0.453949,0.997966,NaN,NaN,NaN,NaN,0.733145,NaN,NaN,NaN,NaN,NaN,NaN,-0.861327,NaN,-0.703675,-0.986111,0.740296,0.66862,NaN,NaN,NaN,NaN,NaN,NaN,NaN,NaN,NaN,NaN,0.434943,NaN,NaN,NaN,NaN,NaN,NaN,NaN,NaN,NaN,NaN,NaN,NaN,NaN,NaN,NaN,NaN,NaN,NaN,NaN,NaN,NaN,NaN,0.749432,NaN,NaN,NaN,NaN,NaN,NaN,NaN,NaN,NaN,NaN,NaN,NaN,NaN,NaN,NaN,NaN,NaN,NaN,NaN,NaN,NaN,NaN,NaN,NaN,NaN,NaN,NaN,NaN,NaN,NaN,NaN,NaN,NaN,NaN,NaN,-0.697277,NaN,NaN,NaN,NaN,NaN,-0.930741,0.246238,NaN,NaN,NaN,NaN,0.0580061,47
74.6584,102.779,172.532,NaN,NaN,NaN,NaN,-0.595061,NaN,NaN,NaN,NaN,-0.829841,NaN,NaN,NaN,NaN,NaN,NaN,NaN,NaN,NaN,NaN,NaN,NaN,NaN,NaN,NaN,NaN,NaN,NaN,NaN,NaN,0.834566,0.710476,0.0921857,0.713494,0.453949,0,0.851951,NaN,NaN,NaN,NaN,NaN,NaN,NaN,NaN,NaN,NaN,NaN,NaN,NaN,NaN,NaN,NaN,NaN,NaN,NaN,NaN,NaN,NaN,NaN,NaN,NaN,NaN,NaN,NaN,NaN,NaN,NaN,NaN,NaN,NaN,NaN,NaN,NaN,NaN,NaN,NaN,NaN,NaN,-0.683634,NaN,NaN,NaN,NaN,NaN,NaN,-0.620326,0.942102,NaN,NaN,-0.21846,NaN,NaN,NaN,NaN,NaN,0.327383,NaN,-0.575144,NaN,NaN,0.556497,NaN,0.289227,NaN,NaN,NaN,-0.238319,NaN,NaN,NaN,NaN,NaN,NaN,NaN,NaN,NaN,NaN,NaN,NaN,NaN,NaN,NaN,NaN,NaN,NaN,0.589081,NaN,NaN,NaN,NaN,NaN,NaN,NaN,NaN,NaN,48
56.4055,91.8618,172.036,NaN,NaN,NaN,NaN,NaN,NaN,NaN,NaN,0.317822,NaN,NaN,-0.514725,NaN,NaN,NaN,NaN,NaN,NaN,NaN,-0.756753,NaN,-0.798369,NaN,NaN,NaN,NaN,NaN,NaN,NaN,NaN,0.522688,0.844625,0.81134,0.911571,0.997966,0.851951,0,NaN,NaN,NaN,NaN,NaN,NaN,NaN,NaN,NaN,NaN,NaN,NaN,NaN,NaN,NaN,NaN,NaN,NaN,NaN,NaN,NaN,NaN,NaN,NaN,NaN,NaN,NaN,NaN,0.0273055,NaN,NaN,NaN,NaN,NaN,-0.737252,-0.486338,NaN,0.642282,NaN,NaN,NaN,NaN,NaN,NaN,NaN,NaN,-0.0743307,NaN,NaN,NaN,NaN,NaN,NaN,NaN,NaN,NaN,NaN,NaN,NaN,NaN,NaN,NaN,NaN,0.293848,NaN,NaN,NaN,NaN,NaN,NaN,NaN,NaN,NaN,NaN,NaN,NaN,NaN,NaN,NaN,NaN,NaN,NaN,NaN,NaN,NaN,NaN,NaN,NaN,NaN,NaN,NaN,NaN,NaN,NaN,NaN,NaN,0.464322,NaN,NaN,49
33.1891,84.6106,104.97,NaN,NaN,NaN,NaN,NaN,NaN,NaN,NaN,NaN,NaN,NaN,NaN,NaN,NaN,NaN,NaN,NaN,NaN,NaN,NaN,NaN,NaN,NaN,NaN,NaN,NaN,NaN,NaN,NaN,NaN,-0.307912,NaN,NaN,NaN,NaN,NaN,NaN,0,0.836783,0.786538,0.910375,0.788427,0.929151,0.733572,NaN,NaN,NaN,NaN,NaN,NaN,NaN,NaN,-0.910111,NaN,NaN,NaN,NaN,NaN,NaN,NaN,0.774059,NaN,-0.694028,NaN,NaN,NaN,NaN,NaN,NaN,NaN,NaN,NaN,0.545104,0.792418,NaN,NaN,NaN,NaN,0.0449212,-0.369106,NaN,NaN,NaN,NaN,NaN,NaN,NaN,NaN,NaN,-0.859444,NaN,NaN,0.0283837,NaN,NaN,NaN,NaN,NaN,NaN,NaN,NaN,NaN,0.266611,NaN,NaN,NaN,-0.308679,NaN,0.56721,NaN,NaN,NaN,NaN,NaN,NaN,NaN,NaN,-0.988106,NaN,NaN,NaN,NaN,NaN,NaN,NaN,NaN,NaN,NaN,NaN,NaN,NaN,NaN,NaN,NaN,NaN,NaN,51
7.70939,12.7651,104.174,NaN,NaN,NaN,NaN,NaN,NaN,NaN,NaN,NaN,-0.359212,NaN,NaN,NaN,NaN,NaN,NaN,NaN,NaN,NaN,NaN,NaN,NaN,NaN,NaN,NaN,NaN,NaN,NaN,NaN,NaN,NaN,NaN,0.405691,NaN,NaN,NaN,NaN,0.836783,0,NaN,0.573773,0.987762,0.999209,0.866662,NaN,NaN,NaN,NaN,NaN,NaN,NaN,NaN,NaN,NaN,NaN,NaN,NaN,NaN,NaN,NaN,NaN,NaN,NaN,NaN,NaN,NaN,NaN,NaN,NaN,0.357011,0.266173,NaN,NaN,NaN,NaN,NaN,NaN,NaN,NaN,NaN,NaN,NaN,NaN,NaN,NaN,NaN,NaN,NaN,NaN,NaN,NaN,NaN,NaN,NaN,NaN,NaN,NaN,NaN,NaN,NaN,NaN,-0.0285295,NaN,NaN,NaN,NaN,NaN,NaN,NaN,NaN,NaN,0.436575,NaN,-0.570121,NaN,0.655223,NaN,NaN,NaN,NaN,NaN,-0.592332,NaN,NaN,NaN,NaN,NaN,NaN,NaN,NaN,NaN,NaN,NaN,NaN,-0.59121,NaN,52
62.3951,56.8223,103.84,NaN,NaN,NaN,NaN,NaN,NaN,NaN,NaN,NaN,NaN,NaN,0.963594,NaN,NaN,NaN,0.968267,NaN,NaN,NaN,0.551316,NaN,NaN,NaN,NaN,NaN,NaN,NaN,NaN,NaN,-0.943052,0.621119,NaN,NaN,NaN,NaN,NaN,NaN,0.786538,NaN,0,0.36604,0.698731,0.707395,0.950091,NaN,-0.980644,NaN,NaN,NaN,NaN,NaN,NaN,NaN,NaN,NaN,NaN,NaN,NaN,NaN,NaN,0.383498,NaN,NaN,NaN,NaN,NaN,-0.23173,-0.491314,NaN,NaN,NaN,NaN,NaN,NaN,NaN,NaN,NaN,NaN,NaN,NaN,NaN,NaN,0.911556,NaN,NaN,NaN,NaN,NaN,NaN,NaN,NaN,NaN,NaN,NaN,NaN,NaN,NaN,NaN,NaN,NaN,NaN,NaN,NaN,NaN,NaN,NaN,NaN,0.921437,-0.790781,NaN,NaN,NaN,NaN,0.697944,0.405448,NaN,-0.646656,NaN,NaN,NaN,NaN,-0.855073,NaN,NaN,NaN,NaN,NaN,NaN,NaN,NaN,NaN,NaN,NaN,NaN,NaN,NaN,53
11.6319,25.3695,103,NaN,NaN,NaN,NaN,-0.870227,NaN,NaN,NaN,NaN,NaN,NaN,NaN,NaN,NaN,NaN,NaN,NaN,NaN,0.455983,NaN,NaN,NaN,NaN,NaN,NaN,NaN,NaN,NaN,NaN,0.363,NaN,NaN,NaN,NaN,NaN,NaN,NaN,0.910375,0.573773,0.36604,0,0.886204,0.928897,0.727914,NaN,NaN,NaN,NaN,NaN,NaN,NaN,NaN,NaN,NaN,NaN,NaN,NaN,NaN,0.10531,NaN,NaN,NaN,NaN,NaN,-0.293208,-0.0649067,NaN,NaN,-0.515736,NaN,NaN,NaN,NaN,NaN,NaN,NaN,NaN,NaN,NaN,NaN,NaN,0.147648,NaN,0.401502,NaN,0.111154,NaN,NaN,NaN,NaN,NaN,NaN,NaN,NaN,NaN,NaN,NaN,NaN,NaN,NaN,NaN,NaN,NaN,NaN,NaN,NaN,0.993687,NaN,NaN,NaN,NaN,NaN,NaN,NaN,NaN,NaN,NaN,NaN,NaN,NaN,NaN,NaN,0.393979,NaN,NaN,0.648625,NaN,NaN,NaN,NaN,0.985332,NaN,NaN,NaN,NaN,NaN,55
45.2877,11.0343,104.49,NaN,NaN,NaN,NaN,0.888093,NaN,NaN,0.436513,NaN,NaN,NaN,0.239928,0.336163,NaN,NaN,NaN,NaN,NaN,NaN,NaN,-0.686948,NaN,NaN,NaN,NaN,NaN,NaN,NaN,NaN,NaN,NaN,NaN,NaN,NaN,0.733145,NaN,NaN,0.788427,0.987762,0.698731,0.886204,0,0.919674,0.823589,NaN,NaN,NaN,NaN,NaN,NaN,NaN,NaN,NaN,NaN,NaN,NaN,NaN,NaN,NaN,NaN,NaN,NaN,NaN,NaN,NaN,NaN,NaN,NaN,NaN,0.917076,NaN,NaN,NaN,NaN,NaN,NaN,NaN,NaN,NaN,NaN,NaN,NaN,NaN,NaN,-0.375669,NaN,NaN,NaN,-0.00922741,NaN,NaN,0.285665,NaN,NaN,NaN,NaN,NaN,NaN,NaN,NaN,NaN,NaN,0.349111,NaN,NaN,NaN,NaN,NaN,NaN,NaN,NaN,NaN,NaN,NaN,NaN,NaN,0.512121,NaN,NaN,NaN,NaN,NaN,NaN,NaN,NaN,NaN,NaN,NaN,NaN,NaN,NaN,NaN,NaN,NaN,NaN,NaN,56
25.0291,77.0566,106.363,0.084095,NaN,NaN,NaN,NaN,NaN,NaN,NaN,NaN,NaN,NaN,NaN,NaN,NaN,NaN,NaN,NaN,NaN,NaN,NaN,-0.955732,NaN,NaN,NaN,NaN,NaN,NaN,NaN,NaN,NaN,NaN,NaN,NaN,NaN,NaN,NaN,NaN,0.929151,0.999209,0.707395,0.928897,0.919674,0,0.663006,NaN,NaN,0.749436,NaN,NaN,NaN,NaN,NaN,NaN,NaN,NaN,NaN,NaN,NaN,-0.118749,NaN,NaN,NaN,NaN,NaN,NaN,NaN,-0.918569,NaN,0.041732,NaN,NaN,NaN,NaN,NaN,-0.98777,NaN,NaN,NaN,NaN,0.00466858,NaN,-0.868267,NaN,NaN,0.0573063,NaN,0.288589,NaN,NaN,NaN,NaN,NaN,NaN,NaN,NaN,NaN,NaN,NaN,NaN,NaN,NaN,0.825225,NaN,NaN,NaN,NaN,NaN,NaN,NaN,NaN,NaN,NaN,NaN,NaN,NaN,NaN,NaN,NaN,NaN,NaN,NaN,NaN,NaN,NaN,NaN,NaN,NaN,NaN,NaN,NaN,NaN,NaN,NaN,NaN,NaN,NaN,58
66.4396,26.7735,104.355,NaN,0.0443479,NaN,NaN,NaN,NaN,NaN,NaN,NaN,NaN,NaN,NaN,NaN,NaN,NaN,NaN,NaN,NaN,NaN,-0.3103,NaN,NaN,NaN,NaN,NaN,NaN,NaN,NaN,NaN,NaN,NaN,-0.53746,NaN,NaN,NaN,NaN,NaN,0.733572,0.866662,0.950091,0.727914,0.823589,0.663006,0,NaN,0.218032,NaN,NaN,NaN,NaN,NaN,NaN,NaN,NaN,NaN,NaN,-0.737914,NaN,NaN,NaN,NaN,NaN,NaN,NaN,NaN,NaN,NaN,NaN,NaN,NaN,NaN,NaN,NaN,NaN,NaN,0.934716,NaN,NaN,NaN,NaN,NaN,0.58536,0.373789,NaN,NaN,NaN,NaN,NaN,NaN,NaN,NaN,NaN,-0.881337,NaN,NaN,NaN,NaN,NaN,NaN,NaN,0.126186,NaN,-0.909962,NaN,NaN,NaN,NaN,NaN,NaN,NaN,NaN,-0.807316,NaN,NaN,NaN,NaN,0.638735,-0.742223,NaN,0.31958,NaN,NaN,NaN,NaN,NaN,NaN,NaN,NaN,NaN,NaN,NaN,NaN,NaN,NaN,NaN,NaN,59
80.9486,49.2222,188.075,NaN,NaN,NaN,NaN,0.110001,NaN,NaN,NaN,NaN,NaN,NaN,NaN,NaN,NaN,NaN,NaN,NaN,NaN,NaN,NaN,NaN,NaN,NaN,NaN,-0.236242,NaN,NaN,0.459964,NaN,NaN,NaN,NaN,NaN,NaN,NaN,NaN,NaN,NaN,NaN,NaN,NaN,NaN,NaN,NaN,0,0.669848,0.808024,0.841121,0.942841,0.331098,0.65585,NaN,NaN,NaN,NaN,NaN,NaN,NaN,NaN,NaN,NaN,0.42104,NaN,NaN,NaN,NaN,NaN,NaN,NaN,NaN,NaN,NaN,NaN,NaN,NaN,0.512476,NaN,NaN,NaN,NaN,NaN,NaN,NaN,-0.269027,0.933133,NaN,NaN,NaN,NaN,NaN,NaN,NaN,NaN,NaN,NaN,NaN,NaN,NaN,NaN,NaN,NaN,NaN,NaN,NaN,NaN,NaN,-0.304253,NaN,NaN,NaN,NaN,NaN,NaN,NaN,0.498365,NaN,NaN,NaN,NaN,NaN,NaN,NaN,NaN,NaN,NaN,NaN,NaN,NaN,NaN,NaN,NaN,NaN,NaN,-0.325239,NaN,NaN,61
65.7418,83.4115,185.505,0.526387,NaN,NaN,NaN,NaN,NaN,NaN,NaN,NaN,NaN,NaN,NaN,0.226166,0.426648,NaN,NaN,NaN,NaN,NaN,NaN,NaN,NaN,NaN,NaN,NaN,NaN,NaN,0.498647,NaN,NaN,NaN,NaN,NaN,-0.73122,NaN,NaN,NaN,NaN,NaN,-0.980644,NaN,NaN,NaN,0.218032,0.669848,0,0.667564,0.593562,0.881422,NaN,0.939637,NaN,NaN,NaN,NaN,NaN,NaN,-0.0592697,NaN,-0.556095,NaN,NaN,NaN,NaN,NaN,NaN,NaN,NaN,NaN,NaN,NaN,NaN,NaN,NaN,NaN,NaN,NaN,NaN,NaN,NaN,NaN,NaN,NaN,-0.759381,NaN,NaN,0.677438,NaN,NaN,NaN,-0.420493,NaN,NaN,0.316745,-0.995573,NaN,NaN,NaN,NaN,0.687918,NaN,NaN,NaN,NaN,NaN,NaN,NaN,NaN,NaN,NaN,NaN,NaN,NaN,NaN,NaN,0.259682,NaN,NaN,NaN,NaN,NaN,NaN,NaN,NaN,NaN,NaN,NaN,NaN,NaN,NaN,NaN,NaN,NaN,-0.835015,NaN,0.110366,63
32.7904,90.9173,188.009,NaN,NaN,NaN,NaN,NaN,-0.236254,NaN,NaN,NaN,NaN,NaN,NaN,NaN,NaN,NaN,NaN,NaN,NaN,NaN,NaN,NaN,NaN,NaN,NaN,NaN,NaN,NaN,-0.872815,NaN,NaN,NaN,NaN,NaN,NaN,NaN,NaN,NaN,NaN,NaN,NaN,NaN,NaN,0.749436,NaN,0.808024,0.667564,0,0.990029,0.894643,0.989278,0.88775,NaN,-0.566941,NaN,NaN,NaN,NaN,NaN,NaN,0.471873,-0.950264,NaN,NaN,NaN,NaN,NaN,NaN,NaN,NaN,NaN,NaN,NaN,NaN,NaN,NaN,NaN,NaN,NaN,NaN,NaN,NaN,0.863496,0.0609243,NaN,NaN,NaN,NaN,NaN,NaN,NaN,NaN,NaN,NaN,NaN,NaN,NaN,NaN,NaN,NaN,NaN,NaN,NaN,NaN,NaN,NaN,NaN,NaN,NaN,NaN,NaN,NaN,NaN,NaN,NaN,NaN,NaN,NaN,NaN,NaN,NaN,NaN,NaN,NaN,NaN,NaN,NaN,NaN,NaN,NaN,NaN,-0.10772,NaN,-0.694308,NaN,NaN,NaN,64
82.0457,20.2508,187.684,NaN,NaN,NaN,NaN,NaN,NaN,NaN,NaN,NaN,NaN,NaN,NaN,NaN,-0.0600583,NaN,NaN,NaN,NaN,NaN,NaN,NaN,0.958047,NaN,NaN,NaN,NaN,-0.23243,NaN,NaN,NaN,NaN,NaN,NaN,NaN,NaN,NaN,NaN,NaN,NaN,NaN,NaN,NaN,NaN,NaN,0.841121,0.593562,0.990029,0,0.955002,0.800809,0.906377,NaN,NaN,NaN,NaN,NaN,NaN,NaN,NaN,NaN,NaN,NaN,NaN,NaN,NaN,NaN,NaN,NaN,NaN,NaN,NaN,NaN,NaN,NaN,NaN,NaN,NaN,NaN,NaN,NaN,NaN,NaN,0.164433,NaN,NaN,NaN,NaN,NaN,NaN,NaN,NaN,NaN,NaN,NaN,0.777995,NaN,NaN,NaN,NaN,NaN,NaN,NaN,NaN,NaN,0.696486,NaN,NaN,NaN,NaN,NaN,NaN,NaN,NaN,NaN,NaN,0.598161,0.455599,NaN,NaN,0.095566,NaN,NaN,NaN,NaN,-0.596378,NaN,NaN,NaN,NaN,NaN,NaN,NaN,NaN,-0.0907471,NaN,NaN,65
46.0369,43.3644,189.068,NaN,NaN,NaN,0.226181,0.182159,NaN,NaN,NaN,NaN,NaN,NaN,NaN,-0.541471,NaN,NaN,NaN,NaN,-0.315088,NaN,NaN,NaN,NaN,NaN,NaN,NaN,NaN,NaN,NaN,NaN,NaN,NaN,NaN,NaN,NaN,-0.861327,NaN,NaN,NaN,NaN,NaN,NaN,NaN,NaN,NaN,0.942841,0.881422,0.894643,0.955002,0,0.69739,0.719622,NaN,NaN,NaN,NaN,NaN,NaN,0.405864,NaN,NaN,NaN,NaN,NaN,NaN,0.958943,NaN,NaN,NaN,NaN,NaN,NaN,NaN,NaN,NaN,NaN,-0.482324,NaN,NaN,NaN,NaN,NaN,NaN,NaN,NaN,NaN,NaN,NaN,-0.964463,NaN,NaN,NaN,NaN,NaN,NaN,NaN,NaN,NaN,NaN,NaN,NaN,NaN,NaN,NaN,NaN,0.603637,NaN,NaN,NaN,NaN,NaN,NaN,NaN,NaN,NaN,NaN,NaN,-0.974503,NaN,NaN,NaN,NaN,NaN,-0.834615,NaN,NaN,NaN,NaN,NaN,NaN,NaN,NaN,NaN,NaN,NaN,NaN,NaN,66
35.3477,95.8378,187.177,NaN,NaN,NaN,NaN,NaN,NaN,NaN,NaN,NaN,NaN,NaN,-0.881074,NaN,NaN,NaN,NaN,0.254023,NaN,NaN,NaN,NaN,NaN,NaN,NaN,NaN,NaN,NaN,NaN,NaN,NaN,NaN,NaN,NaN,NaN,NaN,NaN,NaN,NaN,NaN,NaN,NaN,NaN,NaN,NaN,0.331098,NaN,0.989278,0.800809,0.69739,0,0.839132,NaN,NaN,NaN,NaN,NaN,NaN,NaN,NaN,NaN,NaN,0.0534818,NaN,NaN,NaN,NaN,NaN,0.380504,NaN,NaN,NaN,NaN,NaN,NaN,NaN,NaN,NaN,NaN,NaN,0.0255606,NaN,NaN,NaN,NaN,NaN,NaN,NaN,NaN,NaN,NaN,NaN,NaN,NaN,NaN,NaN,0.448623,0.755628,NaN,NaN,NaN,NaN,NaN,-0.87122,-0.0762009,NaN,NaN,NaN,NaN,NaN,NaN,NaN,NaN,NaN,NaN,NaN,NaN,NaN,NaN,NaN,NaN,NaN,NaN,NaN,-0.813267,NaN,NaN,NaN,NaN,NaN,NaN,0.867261,NaN,NaN,NaN,NaN,NaN,67
10.935,69.3726,186.564,NaN,NaN,NaN,NaN,NaN,NaN,NaN,NaN,NaN,NaN,NaN,NaN,NaN,NaN,NaN,NaN,NaN,NaN,NaN,NaN,-0.921514,NaN,0.145108,NaN,NaN,NaN,NaN,NaN,NaN,NaN,NaN,NaN,NaN,NaN,-0.703675,NaN,NaN,NaN,NaN,NaN,NaN,NaN,NaN,NaN,0.65585,0.939637,0.88775,0.906377,0.719622,0.839132,0,NaN,NaN,NaN,NaN,NaN,NaN,NaN,NaN,NaN,NaN,-0.841155,NaN,NaN,NaN,NaN,NaN,NaN,NaN,NaN,NaN,NaN,-0.561035,NaN,NaN,NaN,0.331538,NaN,NaN,NaN,NaN,NaN,NaN,NaN,NaN,NaN,NaN,NaN,NaN,NaN,NaN,NaN,NaN,NaN,-0.40784,NaN,NaN,-0.49775,NaN,NaN,NaN,NaN,NaN,NaN,NaN,-0.216578,NaN,NaN,NaN,NaN,NaN,NaN,NaN,-0.334149,NaN,NaN,NaN,NaN,NaN,NaN,NaN,NaN,0.753323,0.686976,NaN,NaN,0.120912,NaN,NaN,NaN,NaN,NaN,NaN,NaN,NaN,NaN,70
22.0097,77.824,198.745,NaN,NaN,NaN,NaN,NaN,NaN,NaN,NaN,NaN,NaN,NaN,NaN,NaN,-0.595879,NaN,NaN,NaN,-0.180778,NaN,NaN,NaN,-0.373262,0.885248,NaN,-0.431052,0.447984,NaN,0.0842881,NaN,NaN,NaN,NaN,NaN,-0.139414,-0.986111,NaN,NaN,NaN,NaN,NaN,NaN,NaN,NaN,NaN,NaN,NaN,NaN,NaN,NaN,NaN,NaN,0,0.46508,NaN,0.61865,0.647148,0.679692,NaN,NaN,NaN,NaN,NaN,NaN,NaN,NaN,NaN,-0.765911,NaN,NaN,NaN,NaN,NaN,-0.733864,NaN,NaN,NaN,NaN,NaN,-0.16464,NaN,NaN,NaN,NaN,NaN,NaN,NaN,NaN,NaN,NaN,NaN,NaN,NaN,NaN,-0.558579,NaN,NaN,-0.493153,NaN,NaN,NaN,NaN,NaN,NaN,NaN,NaN,NaN,NaN,NaN,NaN,NaN,NaN,NaN,NaN,NaN,0.515708,NaN,NaN,NaN,NaN,NaN,NaN,NaN,NaN,NaN,NaN,NaN,NaN,NaN,NaN,-0.518022,NaN,-0.0874329,NaN,0.869065,NaN,NaN,71
94.6909,75.0037,197.03,NaN,NaN,0.657977,NaN,NaN,-0.425564,NaN,NaN,NaN,NaN,0.503044,NaN,NaN,NaN,NaN,NaN,NaN,NaN,NaN,NaN,NaN,-0.22898,NaN,NaN,NaN,NaN,NaN,-0.245272,-0.241923,NaN,NaN,NaN,NaN,NaN,0.740296,NaN,NaN,-0.910111,NaN,NaN,NaN,NaN,NaN,NaN,NaN,NaN,-0.566941,NaN,NaN,NaN,NaN,0.46508,0,0.919743,0.247527,0.974245,0.565196,0.968584,NaN,NaN,0.490661,NaN,NaN,NaN,NaN,NaN,NaN,NaN,NaN,NaN,NaN,NaN,NaN,NaN,NaN,NaN,NaN,NaN,NaN,NaN,NaN,-0.50287,NaN,NaN,NaN,NaN,NaN,-0.367489,NaN,NaN,NaN,NaN,NaN,NaN,NaN,NaN,NaN,NaN,NaN,NaN,NaN,NaN,NaN,NaN,0.039951,NaN,NaN,NaN,NaN,NaN,-0.980004,NaN,NaN,NaN,NaN,NaN,NaN,-0.42309,NaN,NaN,NaN,NaN,NaN,NaN,NaN,NaN,NaN,NaN,NaN,NaN,NaN,NaN,NaN,NaN,NaN,NaN,72
7.39559,74.3515,199.572,NaN,NaN,NaN,NaN,NaN,0.940566,-0.738352,NaN,NaN,NaN,-0.946715,-0.681771,NaN,NaN,0.134388,NaN,0.170073,NaN,NaN,NaN,NaN,NaN,NaN,NaN,NaN,NaN,NaN,NaN,NaN,NaN,NaN,NaN,NaN,NaN,0.66862,NaN,NaN,NaN,NaN,NaN,NaN,NaN,NaN,NaN,NaN,NaN,NaN,NaN,NaN,NaN,NaN,NaN,0.919743,0,NaN,0.830001,0.844169,NaN,NaN,NaN,NaN,NaN,NaN,NaN,NaN,NaN,NaN,NaN,NaN,NaN,NaN,NaN,NaN,NaN,NaN,NaN,NaN,NaN,NaN,NaN,NaN,NaN,NaN,-0.903787,NaN,NaN,NaN,NaN,NaN,NaN,NaN,NaN,NaN,NaN,-0.49949,NaN,NaN,NaN,NaN,NaN,NaN,NaN,NaN,NaN,NaN,NaN,NaN,NaN,NaN,NaN,NaN,NaN,NaN,NaN,NaN,NaN,NaN,0.137225,-0.428667,NaN,NaN,NaN,NaN,NaN,-0.977799,NaN,NaN,NaN,NaN,NaN,NaN,-0.183013,NaN,NaN,NaN,NaN,73
106.296,53.896,198.388,NaN,NaN,0.344093,NaN,NaN,NaN,NaN,NaN,NaN,NaN,NaN,NaN,NaN,NaN,NaN,NaN,-0.985725,NaN,NaN,NaN,NaN,NaN,NaN,NaN,NaN,NaN,NaN,NaN,NaN,NaN,NaN,NaN,-0.674118,NaN,NaN,NaN,NaN,NaN,NaN,NaN,NaN,NaN,NaN,NaN,NaN,NaN,NaN,NaN,NaN,NaN,NaN,0.61865,0.247527,NaN,0,0.630381,0.756346,-0.959771,0.611642,NaN,NaN,NaN,NaN,NaN,NaN,0.843469,NaN,NaN,NaN,0.0303601,NaN,NaN,NaN,NaN,NaN,NaN,NaN,NaN,0.352174,NaN,NaN,NaN,NaN,NaN,NaN,NaN,-0.489931,NaN,NaN,NaN,NaN,NaN,NaN,NaN,NaN,0.213694,NaN,NaN,NaN,NaN,NaN,NaN,NaN,NaN,NaN,NaN,NaN,0.134903,NaN,NaN,NaN,NaN,NaN,NaN,NaN,NaN,NaN,NaN,NaN,NaN,NaN,0.486073,NaN,NaN,NaN,NaN,NaN,NaN,NaN,NaN,0.675699,NaN,0.226231,NaN,NaN,NaN,75
34.036,49.1824,198.79,NaN,NaN,NaN,NaN,NaN,NaN,NaN,NaN,NaN,NaN,-0.407266,NaN,NaN,NaN,NaN,NaN,NaN,NaN,NaN,NaN,NaN,NaN,NaN,NaN,NaN,0.817803,NaN,NaN,0.683348,NaN,NaN,NaN,NaN,-0.933601,NaN,NaN,NaN,NaN,NaN,NaN,NaN,NaN,NaN,NaN,NaN,NaN,NaN,NaN,NaN,NaN,NaN,0.647148,0.974245,0.830001,0.630381,0,0.415493,NaN,NaN,NaN,NaN,NaN,NaN,NaN,NaN,0.317644,NaN,NaN,-0.142386,0.0894191,NaN,0.787729,NaN,NaN,0.156826,NaN,NaN,NaN,0.09232,0.894759,NaN,NaN,NaN,NaN,NaN,NaN,NaN,NaN,NaN,NaN,NaN,NaN,NaN,NaN,NaN,NaN,NaN,NaN,NaN,-0.883992,NaN,-0.310337,NaN,NaN,-0.175159,NaN,NaN,NaN,0.829955,NaN,NaN,NaN,NaN,NaN,NaN,NaN,NaN,NaN,NaN,NaN,0.487627,NaN,NaN,NaN,NaN,NaN,NaN,NaN,NaN,NaN,NaN,NaN,NaN,NaN,NaN,NaN,76
106.832,12.0861,196.827,NaN,NaN,NaN,NaN,NaN,NaN,NaN,NaN,0.188783,NaN,0.816475,0.907916,NaN,-0.584419,NaN,0.372496,NaN,NaN,NaN,NaN,NaN,NaN,NaN,NaN,NaN,NaN,NaN,NaN,NaN,NaN,NaN,NaN,NaN,NaN,NaN,NaN,NaN,NaN,NaN,NaN,NaN,NaN,NaN,-0.737914,NaN,NaN,NaN,NaN,NaN,NaN,NaN,0.679692,0.565196,0.844169,0.756346,0.415493,0,NaN,NaN,NaN,NaN,NaN,NaN,NaN,-0.350077,NaN,0.899203,NaN,NaN,NaN,NaN,NaN,NaN,NaN,NaN,NaN,NaN,NaN,NaN,NaN,NaN,NaN,NaN,NaN,NaN,-0.171016,NaN,NaN,NaN,NaN,NaN,NaN,NaN,NaN,NaN,NaN,NaN,NaN,NaN,NaN,NaN,-0.919276,NaN,NaN,NaN,NaN,NaN,NaN,NaN,NaN,NaN,NaN,NaN,NaN,NaN,-0.670757,NaN,NaN,NaN,NaN,NaN,NaN,NaN,NaN,NaN,NaN,NaN,NaN,NaN,0.486371,NaN,NaN,NaN,-0.619003,NaN,NaN,77
97.1676,66.2888,129.29,NaN,NaN,NaN,NaN,NaN,NaN,NaN,0.312449,NaN,NaN,NaN,NaN,-0.81698,NaN,NaN,NaN,NaN,NaN,NaN,NaN,NaN,NaN,NaN,NaN,NaN,NaN,NaN,NaN,NaN,NaN,NaN,NaN,NaN,NaN,NaN,NaN,NaN,NaN,NaN,NaN,NaN,NaN,NaN,NaN,NaN,-0.0592697,NaN,NaN,0.405864,NaN,NaN,NaN,0.968584,NaN,-0.959771,NaN,NaN,0,0.960673,0.909135,0.954643,0.95934,NaN,NaN,-0.0390248,NaN,NaN,NaN,NaN,NaN,NaN,0.00673449,-0.00134188,NaN,NaN,NaN,NaN,NaN,NaN,NaN,NaN,NaN,NaN,NaN,NaN,NaN,NaN,NaN,NaN,NaN,-0.678418,NaN,NaN,NaN,-0.156564,NaN,NaN,NaN,0.702807,NaN,NaN,NaN,NaN,NaN,NaN,NaN,NaN,-0.986995,NaN,NaN,NaN,NaN,NaN,NaN,NaN,0.91255,NaN,NaN,NaN,NaN,NaN,NaN,NaN,NaN,-0.948981,NaN,NaN,NaN,NaN,NaN,NaN,NaN,NaN,NaN,NaN,NaN,81
32.9037,18.8045,128.721,NaN,NaN,NaN,NaN,NaN,NaN,-0.337496,NaN,NaN,NaN,NaN,NaN,NaN,NaN,NaN,NaN,NaN,NaN,NaN,NaN,0.0469296,NaN,NaN,NaN,NaN,NaN,NaN,NaN,NaN,NaN,NaN,NaN,NaN,NaN,NaN,NaN,NaN,NaN,NaN,NaN,0.10531,NaN,-0.118749,NaN,NaN,NaN,NaN,NaN,NaN,NaN,NaN,NaN,NaN,NaN,0.611642,NaN,NaN,0.960673,0,0.834253,0.270225,0.59896,NaN,NaN,NaN,NaN,NaN,NaN,NaN,-0.630116,NaN,NaN,NaN,NaN,NaN,NaN,NaN,NaN,0.219322,NaN,NaN,NaN,NaN,NaN,NaN,NaN,NaN,NaN,NaN,NaN,NaN,NaN,NaN,NaN,NaN,-0.553111,NaN,-0.28736,NaN,NaN,NaN,NaN,NaN,NaN,-0.79204,NaN,NaN,NaN,NaN,NaN,NaN,NaN,NaN,NaN,NaN,NaN,NaN,NaN,NaN,NaN,NaN,NaN,NaN,NaN,-0.964139,NaN,NaN,NaN,NaN,NaN,NaN,NaN,NaN,0.0294727,NaN,NaN,85
23.7458,18.7853,128.993,NaN,NaN,NaN,NaN,0.208291,NaN,NaN,NaN,NaN,NaN,NaN,NaN,NaN,NaN,NaN,NaN,NaN,NaN,NaN,NaN,NaN,NaN,NaN,NaN,NaN,NaN,NaN,NaN,NaN,NaN,NaN,NaN,NaN,NaN,NaN,NaN,NaN,NaN,NaN,NaN,NaN,NaN,NaN,NaN,NaN,-0.556095,0.471873,NaN,NaN,NaN,NaN,NaN,NaN,NaN,NaN,NaN,NaN,0.909135,0.834253,0,NaN,0.754554,NaN,NaN,NaN,NaN,NaN,NaN,NaN,NaN,NaN,NaN,NaN,NaN,0.0667793,0.733624,NaN,NaN,-0.661405,NaN,NaN,NaN,NaN,NaN,NaN,NaN,NaN,NaN,NaN,NaN,NaN,NaN,NaN,NaN,NaN,NaN,NaN,NaN,NaN,NaN,NaN,NaN,0.798671,NaN,NaN,NaN,NaN,0.32019,NaN,NaN,NaN,NaN,NaN,0.604962,NaN,NaN,NaN,NaN,NaN,-0.0786214,NaN,NaN,NaN,NaN,NaN,NaN,NaN,NaN,NaN,NaN,NaN,NaN,0.0668853,NaN,NaN,NaN,86
14.7635,75.6175,128.708,-0.859044,NaN,NaN,NaN,NaN,NaN,NaN,NaN,NaN,NaN,-0.973617,NaN,NaN,NaN,-0.657985,NaN,NaN,NaN,NaN,0.647619,NaN,NaN,NaN,0.157566,NaN,NaN,NaN,NaN,NaN,NaN,NaN,NaN,NaN,NaN,NaN,NaN,NaN,0.774059,NaN,0.383498,NaN,NaN,NaN,NaN,NaN,NaN,-0.950264,NaN,NaN,NaN,NaN,NaN,0.490661,NaN,NaN,NaN,NaN,0.954643,0.270225,NaN,0,0.863472,-0.504032,NaN,NaN,NaN,NaN,NaN,NaN,NaN,NaN,NaN,NaN,NaN,NaN,NaN,NaN,NaN,NaN,NaN,NaN,NaN,NaN,NaN,NaN,NaN,0.94687,NaN,NaN,NaN,NaN,NaN,NaN,NaN,NaN,NaN,NaN,0.286916,NaN,NaN,NaN,NaN,NaN,NaN,NaN,NaN,NaN,NaN,NaN,NaN,NaN,NaN,NaN,NaN,NaN,NaN,NaN,NaN,NaN,NaN,NaN,NaN,NaN,NaN,0.541741,NaN,NaN,NaN,NaN,NaN,0.368987,0.856133,NaN,NaN,NaN,NaN,89
25.9495,94.847,130.462,0.0661002,NaN,NaN,NaN,NaN,NaN,NaN,NaN,NaN,NaN,NaN,NaN,NaN,NaN,NaN,NaN,NaN,NaN,NaN,NaN,NaN,NaN,-0.189039,NaN,NaN,NaN,NaN,NaN,NaN,NaN,NaN,NaN,NaN,NaN,NaN,NaN,NaN,NaN,NaN,NaN,NaN,NaN,NaN,NaN,0.42104,NaN,NaN,NaN,NaN,0.0534818,-0.841155,NaN,NaN,NaN,NaN,NaN,NaN,0.95934,0.59896,0.754554,0.863472,0,NaN,NaN,NaN,0.00166112,NaN,NaN,NaN,NaN,NaN,NaN,NaN,NaN,NaN,NaN,NaN,NaN,NaN,NaN,NaN,NaN,NaN,NaN,NaN,0.739102,NaN,NaN,NaN,NaN,-0.0513108,NaN,NaN,NaN,NaN,NaN,NaN,NaN,NaN,NaN,NaN,NaN,NaN,NaN,0.679182,NaN,NaN,NaN,NaN,0.708058,-0.144414,NaN,NaN,NaN,NaN,NaN,-0.22765,NaN,NaN,NaN,NaN,NaN,NaN,NaN,NaN,NaN,NaN,NaN,-0.697881,NaN,NaN,NaN,NaN,NaN,NaN,NaN,90
76.3416,36.2452,153.667,NaN,NaN,NaN,0.103388,NaN,NaN,NaN,NaN,NaN,NaN,NaN,NaN,-0.237546,NaN,0.524116,0.0248188,NaN,NaN,NaN,NaN,NaN,NaN,NaN,NaN,NaN,NaN,NaN,NaN,NaN,NaN,NaN,NaN,NaN,NaN,NaN,NaN,NaN,-0.694028,NaN,NaN,NaN,NaN,NaN,NaN,NaN,NaN,NaN,NaN,NaN,NaN,NaN,NaN,NaN,NaN,NaN,NaN,NaN,NaN,NaN,NaN,-0.504032,NaN,0,0.847618,0.739802,0.872881,0.928735,0.732499,0.508588,NaN,NaN,NaN,0.518829,NaN,NaN,NaN,NaN,NaN,NaN,NaN,NaN,NaN,NaN,NaN,NaN,NaN,NaN,NaN,NaN,NaN,NaN,NaN,NaN,NaN,NaN,NaN,NaN,NaN,NaN,NaN,NaN,NaN,NaN,-0.144902,NaN,NaN,NaN,NaN,NaN,NaN,NaN,NaN,NaN,NaN,NaN,NaN,NaN,NaN,-0.144002,NaN,NaN,NaN,NaN,NaN,NaN,NaN,NaN,NaN,NaN,NaN,NaN,NaN,NaN,NaN,NaN,NaN,91
42.2398,111.786,151.954,NaN,NaN,NaN,NaN,NaN,NaN,NaN,-0.300624,NaN,NaN,-0.431757,NaN,NaN,NaN,NaN,NaN,NaN,NaN,NaN,-0.87096,NaN,NaN,NaN,NaN,NaN,NaN,NaN,NaN,NaN,NaN,NaN,NaN,NaN,NaN,NaN,NaN,NaN,NaN,NaN,NaN,NaN,NaN,NaN,NaN,NaN,NaN,NaN,NaN,NaN,NaN,NaN,NaN,NaN,NaN,NaN,NaN,NaN,NaN,NaN,NaN,NaN,NaN,0.847618,0,0.508331,0.914114,0.640503,0.499314,0.861644,NaN,NaN,NaN,NaN,NaN,NaN,NaN,NaN,-0.700843,NaN,NaN,NaN,NaN,NaN,NaN,NaN,NaN,NaN,NaN,NaN,NaN,NaN,NaN,NaN,NaN,NaN,NaN,NaN,NaN,NaN,-0.689763,NaN,NaN,NaN,NaN,NaN,NaN,-0.295047,NaN,NaN,NaN,NaN,NaN,NaN,NaN,NaN,NaN,NaN,NaN,NaN,NaN,NaN,NaN,NaN,NaN,NaN,NaN,NaN,NaN,NaN,NaN,0.31324,NaN,NaN,NaN,NaN,NaN,94
71.9718,47.9595,152.164,NaN,NaN,NaN,NaN,NaN,NaN,NaN,NaN,NaN,NaN,NaN,NaN,NaN,NaN,NaN,NaN,NaN,NaN,NaN,NaN,NaN,NaN,NaN,NaN,NaN,NaN,NaN,NaN,NaN,-0.989094,NaN,NaN,NaN,NaN,0.434943,NaN,NaN,NaN,NaN,NaN,-0.293208,NaN,NaN,NaN,NaN,NaN,NaN,NaN,0.958943,NaN,NaN,NaN,NaN,NaN,NaN,NaN,-0.350077,-0.0390248,NaN,NaN,NaN,NaN,0.739802,0.508331,0,0.936928,0.716192,0.879339,0.998483,NaN,NaN,NaN,NaN,NaN,NaN,NaN,NaN,NaN,NaN,NaN,-0.330076,NaN,NaN,NaN,NaN,NaN,NaN,NaN,NaN,NaN,NaN,NaN,NaN,NaN,NaN,NaN,NaN,NaN,NaN,NaN,NaN,NaN,NaN,NaN,NaN,NaN,NaN,NaN,NaN,NaN,NaN,NaN,NaN,NaN,NaN,NaN,-0.37621,NaN,NaN,NaN,NaN,NaN,NaN,0.70174,NaN,NaN,NaN,NaN,NaN,-0.526503,NaN,NaN,0.322639,0.906797,NaN,NaN,95
72.0833,25.7088,152.56,NaN,NaN,NaN,NaN,NaN,NaN,NaN,NaN,NaN,NaN,NaN,NaN,NaN,NaN,NaN,NaN,-0.0487374,NaN,NaN,NaN,NaN,NaN,NaN,NaN,NaN,NaN,NaN,NaN,NaN,NaN,NaN,NaN,NaN,NaN,NaN,NaN,0.0273055,NaN,NaN,NaN,-0.0649067,NaN,NaN,NaN,NaN,NaN,NaN,NaN,NaN,NaN,NaN,NaN,NaN,NaN,0.843469,0.317644,NaN,NaN,NaN,NaN,NaN,0.00166112,0.872881,0.914114,0.936928,0,NaN,NaN,0.710592,NaN,NaN,NaN,NaN,NaN,NaN,NaN,NaN,NaN,NaN,NaN,NaN,-0.709053,NaN,NaN,NaN,NaN,NaN,NaN,NaN,0.729075,NaN,NaN,NaN,0.759282,NaN,NaN,NaN,NaN,NaN,NaN,NaN,NaN,NaN,NaN,NaN,NaN,NaN,NaN,NaN,NaN,0.243342,NaN,NaN,NaN,NaN,NaN,NaN,NaN,NaN,0.848796,NaN,NaN,NaN,NaN,NaN,NaN,NaN,NaN,NaN,NaN,NaN,NaN,NaN,NaN,NaN,NaN,97
69.3587,63.2635,153.278,NaN,NaN,NaN,NaN,NaN,NaN,NaN,NaN,NaN,NaN,NaN,NaN,NaN,NaN,NaN,NaN,NaN,NaN,NaN,NaN,NaN,NaN,NaN,NaN,NaN,0.0306417,NaN,0.677716,NaN,NaN,-0.346392,0.262472,NaN,NaN,NaN,NaN,NaN,NaN,NaN,-0.23173,NaN,NaN,-0.918569,NaN,NaN,NaN,NaN,NaN,NaN,NaN,NaN,-0.765911,NaN,NaN,NaN,NaN,0.899203,NaN,NaN,NaN,NaN,NaN,0.928735,0.640503,0.716192,NaN,0,0.639578,0.82991,NaN,NaN,NaN,0.190298,NaN,NaN,NaN,-0.944246,NaN,NaN,NaN,NaN,NaN,0.437562,NaN,NaN,NaN,NaN,NaN,NaN,NaN,NaN,NaN,NaN,NaN,NaN,NaN,NaN,NaN,NaN,NaN,NaN,NaN,0.755796,NaN,NaN,NaN,NaN,NaN,NaN,NaN,-0.570788,NaN,NaN,NaN,NaN,NaN,NaN,NaN,NaN,NaN,NaN,NaN,NaN,NaN,NaN,NaN,NaN,NaN,NaN,NaN,NaN,-0.933635,NaN,-0.395796,NaN,NaN,98
47.1011,55.8534,150.737,0.191112,NaN,NaN,NaN,NaN,NaN,NaN,-0.654294,NaN,NaN,NaN,NaN,NaN,0.0847777,NaN,NaN,NaN,NaN,NaN,NaN,NaN,NaN,NaN,NaN,NaN,0.172782,NaN,0.778757,NaN,NaN,NaN,NaN,NaN,NaN,NaN,NaN,NaN,NaN,NaN,-0.491314,NaN,NaN,NaN,NaN,NaN,NaN,NaN,NaN,NaN,0.380504,NaN,NaN,NaN,NaN,NaN,NaN,NaN,NaN,NaN,NaN,NaN,NaN,0.732499,0.499314,0.879339,NaN,0.639578,0,0.778357,NaN,0.214347,NaN,NaN,NaN,NaN,NaN,NaN,NaN,NaN,NaN,NaN,NaN,NaN,NaN,NaN,NaN,NaN,NaN,NaN,NaN,NaN,NaN,NaN,NaN,NaN,NaN,0.723465,NaN,NaN,NaN,NaN,NaN,NaN,NaN,-0.715598,NaN,NaN,NaN,NaN,NaN,NaN,NaN,NaN,NaN,NaN,NaN,NaN,NaN,NaN,-0.437474,NaN,NaN,NaN,NaN,NaN,NaN,-0.0230343,NaN,NaN,NaN,NaN,NaN,NaN,-0.677334,NaN,NaN,99
73.044,41.9292,149.279,NaN,NaN,NaN,NaN,NaN,NaN,NaN,NaN,NaN,NaN,NaN,NaN,0.886555,NaN,NaN,NaN,-0.333047,NaN,NaN,NaN,NaN,NaN,NaN,NaN,-0.975421,NaN,NaN,NaN,NaN,NaN,NaN,NaN,NaN,NaN,NaN,NaN,NaN,NaN,NaN,NaN,-0.515736,NaN,0.041732,NaN,NaN,NaN,NaN,NaN,NaN,NaN,NaN,NaN,NaN,NaN,NaN,-0.142386,NaN,NaN,NaN,NaN,NaN,NaN,0.508588,0.861644,0.998483,0.710592,0.82991,0.778357,0,NaN,NaN,NaN,NaN,NaN,-0.0706658,NaN,NaN,NaN,NaN,NaN,NaN,NaN,NaN,NaN,NaN,NaN,NaN,NaN,0.120238,NaN,NaN,NaN,NaN,NaN,NaN,NaN,NaN,NaN,NaN,NaN,NaN,NaN,NaN,NaN,NaN,NaN,NaN,NaN,NaN,NaN,NaN,NaN,NaN,NaN,NaN,NaN,NaN,0.234026,NaN,NaN,NaN,NaN,NaN,-0.267865,NaN,NaN,NaN,NaN,0.967184,NaN,NaN,NaN,NaN,NaN,NaN,NaN,100
63.0557,55.0245,108.182,NaN,NaN,NaN,NaN,NaN,NaN,NaN,NaN,NaN,NaN,NaN,NaN,NaN,NaN,NaN,NaN,0.811062,NaN,NaN,0.751434,NaN,NaN,NaN,NaN,NaN,NaN,NaN,NaN,NaN,NaN,-0.0568775,NaN,-0.821942,NaN,NaN,NaN,NaN,NaN,0.357011,NaN,NaN,0.917076,NaN,NaN,NaN,NaN,NaN,NaN,NaN,NaN,NaN,NaN,NaN,NaN,0.0303601,0.0894191,NaN,NaN,-0.630116,NaN,NaN,NaN,NaN,NaN,NaN,NaN,NaN,NaN,NaN,0,0.788964,0.632287,0.950102,0.839605,0.858766,0.884985,0.908195,0.885485,NaN,NaN,NaN,NaN,NaN,NaN,0.689713,NaN,0.298666,-0.317236,NaN,NaN,NaN,NaN,NaN,NaN,NaN,NaN,NaN,NaN,NaN,NaN,NaN,NaN,NaN,NaN,NaN,NaN,NaN,NaN,NaN,NaN,NaN,NaN,NaN,NaN,NaN,0.909125,0.660732,NaN,NaN,NaN,NaN,NaN,NaN,NaN,-0.991763,NaN,NaN,NaN,NaN,NaN,NaN,NaN,NaN,NaN,NaN,NaN,101
58.344,97.5712,106.347,NaN,NaN,NaN,NaN,NaN,NaN,NaN,NaN,NaN,0.338846,NaN,NaN,-0.60122,NaN,NaN,NaN,NaN,NaN,NaN,0.27082,NaN,NaN,NaN,NaN,NaN,NaN,NaN,NaN,NaN,NaN,NaN,NaN,NaN,NaN,NaN,NaN,NaN,NaN,0.266173,NaN,NaN,NaN,NaN,NaN,NaN,NaN,NaN,NaN,NaN,NaN,NaN,NaN,NaN,NaN,NaN,NaN,NaN,NaN,NaN,NaN,NaN,NaN,NaN,NaN,NaN,NaN,NaN,0.214347,NaN,0.788964,0,0.712792,NaN,0.516806,NaN,0.590006,0.868506,0.934645,NaN,-0.172495,NaN,NaN,NaN,NaN,NaN,NaN,NaN,NaN,NaN,0.229238,NaN,NaN,NaN,NaN,NaN,NaN,NaN,NaN,0.652872,NaN,0.286119,NaN,NaN,NaN,NaN,NaN,NaN,NaN,NaN,NaN,NaN,NaN,NaN,NaN,NaN,NaN,0.525186,NaN,NaN,NaN,NaN,NaN,NaN,NaN,NaN,NaN,NaN,NaN,NaN,NaN,NaN,NaN,NaN,NaN,NaN,NaN,102
45.9767,10.8234,107.619,NaN,NaN,NaN,NaN,NaN,NaN,NaN,-0.854737,0.878689,NaN,NaN,NaN,NaN,NaN,-0.202275,NaN,NaN,NaN,NaN,NaN,NaN,NaN,NaN,NaN,NaN,NaN,NaN,-0.214876,NaN,NaN,NaN,NaN,NaN,NaN,NaN,NaN,-0.737252,NaN,NaN,NaN,NaN,NaN,NaN,NaN,NaN,NaN,NaN,NaN,NaN,NaN,NaN,NaN,NaN,NaN,NaN,0.787729,NaN,0.00673449,NaN,NaN,NaN,NaN,NaN,NaN,NaN,NaN,NaN,NaN,NaN,0.632287,0.712792,0,0.887593,0.739231,0.630932,0.68621,0.75471,NaN,NaN,NaN,NaN,NaN,-0.979885,NaN,NaN,NaN,NaN,NaN,NaN,NaN,-0.89004,NaN,NaN,NaN,NaN,NaN,NaN,NaN,NaN,-0.442821,NaN,NaN,NaN,NaN,NaN,NaN,NaN,NaN,NaN,NaN,NaN,NaN,NaN,NaN,-0.968608,NaN,NaN,NaN,NaN,NaN,NaN,NaN,NaN,NaN,NaN,NaN,NaN,NaN,NaN,NaN,NaN,NaN,NaN,NaN,NaN,NaN,103
37.9415,54.6625,106.743,NaN,NaN,NaN,NaN,NaN,NaN,NaN,NaN,NaN,NaN,NaN,NaN,NaN,NaN,NaN,NaN,NaN,NaN,NaN,NaN,NaN,NaN,NaN,NaN,NaN,NaN,NaN,NaN,NaN,NaN,NaN,NaN,NaN,NaN,NaN,NaN,-0.486338,0.545104,NaN,NaN,NaN,NaN,NaN,NaN,NaN,NaN,NaN,NaN,NaN,NaN,-0.561035,-0.733864,NaN,NaN,NaN,NaN,NaN,-0.00134188,NaN,NaN,NaN,NaN,0.518829,NaN,NaN,NaN,0.190298,NaN,NaN,0.950102,NaN,0.887593,0,0.844102,NaN,0.487024,0.372026,0.644085,NaN,NaN,NaN,NaN,NaN,NaN,NaN,NaN,NaN,NaN,0.27982,-0.597657,NaN,NaN,NaN,NaN,NaN,NaN,NaN,NaN,-0.76726,NaN,NaN,-0.33077,0.93615,NaN,NaN,NaN,NaN,NaN,NaN,NaN,NaN,NaN,NaN,NaN,NaN,NaN,NaN,NaN,NaN,NaN,NaN,NaN,NaN,NaN,NaN,NaN,NaN,NaN,NaN,NaN,NaN,NaN,NaN,NaN,NaN,NaN,105
42.7003,79.188,107.093,NaN,NaN,NaN,NaN,NaN,-0.832035,-0.569458,NaN,NaN,NaN,NaN,NaN,NaN,NaN,NaN,NaN,NaN,NaN,NaN,NaN,NaN,NaN,NaN,NaN,NaN,NaN,NaN,NaN,NaN,NaN,NaN,NaN,NaN,NaN,NaN,NaN,NaN,0.792418,NaN,NaN,NaN,NaN,NaN,NaN,NaN,NaN,NaN,NaN,NaN,NaN,NaN,NaN,NaN,NaN,NaN,NaN,NaN,NaN,NaN,NaN,NaN,NaN,NaN,NaN,NaN,NaN,NaN,NaN,NaN,0.839605,0.516806,0.739231,0.844102,0,0.80834,NaN,0.906224,0.992891,NaN,NaN,NaN,NaN,NaN,NaN,-0.0834018,NaN,NaN,NaN,NaN,NaN,0.323701,NaN,NaN,NaN,NaN,NaN,NaN,NaN,NaN,NaN,NaN,NaN,NaN,0.39586,NaN,NaN,NaN,NaN,NaN,NaN,-0.142114,NaN,NaN,NaN,NaN,NaN,NaN,NaN,NaN,NaN,NaN,NaN,NaN,NaN,0.0967359,NaN,NaN,NaN,NaN,NaN,NaN,-0.966558,NaN,0.509716,NaN,NaN,106
62.9633,53.1276,106.495,NaN,NaN,-0.119598,NaN,NaN,NaN,NaN,NaN,NaN,NaN,NaN,NaN,NaN,NaN,NaN,NaN,NaN,NaN,NaN,-0.926965,NaN,NaN,0.921051,NaN,NaN,NaN,NaN,NaN,NaN,NaN,NaN,NaN,NaN,NaN,NaN,NaN,0.642282,NaN,NaN,NaN,NaN,NaN,-0.98777,NaN,NaN,NaN,NaN,NaN,NaN,NaN,NaN,NaN,NaN,NaN,NaN,0.156826,NaN,NaN,NaN,0.0667793,NaN,NaN,NaN,NaN,NaN,NaN,NaN,NaN,-0.0706658,0.858766,NaN,0.630932,NaN,0.80834,0,0.785679,0.828883,0.870623,NaN,NaN,NaN,NaN,NaN,NaN,NaN,NaN,NaN,NaN,NaN,NaN,NaN,NaN,-0.432446,NaN,NaN,NaN,NaN,NaN,-0.962587,0.776336,NaN,NaN,NaN,NaN,NaN,NaN,NaN,NaN,NaN,NaN,NaN,NaN,NaN,NaN,-0.183957,NaN,NaN,NaN,NaN,NaN,NaN,NaN,NaN,NaN,NaN,NaN,NaN,NaN,NaN,NaN,0.110006,NaN,0.0180417,NaN,NaN,NaN,107
78.1454,60.9168,107.306,NaN,NaN,NaN,NaN,NaN,NaN,NaN,NaN,0.0803398,NaN,NaN,NaN,-0.496389,NaN,NaN,NaN,NaN,NaN,NaN,NaN,NaN,NaN,NaN,NaN,NaN,NaN,NaN,NaN,-0.692256,NaN,-0.137141,-0.96932,NaN,NaN,NaN,NaN,NaN,NaN,NaN,NaN,NaN,NaN,NaN,0.934716,0.512476,NaN,NaN,NaN,-0.482324,NaN,NaN,NaN,NaN,NaN,NaN,NaN,NaN,NaN,NaN,0.733624,NaN,NaN,NaN,NaN,NaN,NaN,NaN,NaN,NaN,0.884985,0.590006,0.68621,0.487024,NaN,0.785679,0,0.956873,0.965543,NaN,NaN,-0.844415,NaN,NaN,NaN,NaN,NaN,NaN,NaN,NaN,NaN,-0.779064,NaN,NaN,-0.686426,NaN,NaN,NaN,NaN,NaN,NaN,NaN,NaN,0.952397,NaN,NaN,NaN,NaN,NaN,NaN,NaN,NaN,NaN,NaN,-0.646063,NaN,NaN,NaN,NaN,NaN,-0.795406,NaN,NaN,NaN,NaN,NaN,NaN,NaN,NaN,NaN,NaN,NaN,NaN,NaN,NaN,NaN,NaN,108
15.2175,18.7345,106.967,NaN,NaN,NaN,NaN,NaN,NaN,NaN,NaN,NaN,NaN,NaN,NaN,NaN,NaN,NaN,NaN,NaN,NaN,NaN,NaN,NaN,NaN,NaN,NaN,NaN,NaN,NaN,NaN,NaN,NaN,NaN,NaN,0.847814,NaN,NaN,NaN,NaN,NaN,NaN,NaN,NaN,NaN,NaN,NaN,NaN,NaN,NaN,NaN,NaN,NaN,0.331538,NaN,NaN,NaN,NaN,NaN,NaN,NaN,NaN,NaN,NaN,NaN,NaN,NaN,NaN,NaN,-0.944246,NaN,NaN,0.908195,0.868506,0.75471,0.372026,0.906224,0.828883,0.956873,0,0.943505,0.837643,NaN,NaN,NaN,NaN,NaN,NaN,NaN,NaN,NaN,NaN,NaN,NaN,-0.0637398,NaN,NaN,NaN,NaN,NaN,NaN,NaN,NaN,NaN,0.812925,NaN,NaN,NaN,-0.0257201,NaN,NaN,NaN,0.823403,NaN,-0.283796,NaN,NaN,NaN,NaN,NaN,-0.104134,NaN,NaN,NaN,NaN,-0.427483,NaN,NaN,NaN,NaN,NaN,NaN,-0.624869,NaN,NaN,NaN,-0.13944,NaN,NaN,109
23.6504,40.0967,105.969,NaN,NaN,NaN,-0.0992191,NaN,NaN,NaN,NaN,NaN,-0.506111,NaN,NaN,NaN,-0.133816,NaN,NaN,NaN,NaN,NaN,NaN,NaN,NaN,NaN,NaN,0.865735,NaN,NaN,NaN,NaN,NaN,NaN,-0.717492,0.11714,NaN,NaN,NaN,NaN,NaN,NaN,NaN,NaN,NaN,NaN,NaN,NaN,NaN,NaN,NaN,NaN,NaN,NaN,NaN,NaN,NaN,NaN,NaN,NaN,NaN,NaN,NaN,NaN,NaN,NaN,-0.700843,NaN,NaN,NaN,NaN,NaN,0.885485,0.934645,NaN,0.644085,0.992891,0.870623,0.965543,0.943505,0,NaN,NaN,NaN,0.558253,NaN,NaN,NaN,NaN,NaN,NaN,NaN,NaN,NaN,NaN,NaN,NaN,NaN,NaN,NaN,NaN,NaN,NaN,NaN,NaN,NaN,NaN,NaN,NaN,NaN,NaN,NaN,NaN,NaN,NaN,-0.385139,-0.611092,NaN,NaN,NaN,NaN,NaN,-0.432814,NaN,NaN,NaN,NaN,NaN,NaN,NaN,NaN,NaN,NaN,NaN,NaN,NaN,NaN,0.994445,NaN,110
64.7084,40.906,180.189,NaN,NaN,NaN,NaN,NaN,NaN,NaN,NaN,NaN,NaN,NaN,NaN,NaN,NaN,NaN,NaN,NaN,NaN,NaN,NaN,NaN,NaN,NaN,NaN,NaN,0.553645,NaN,NaN,NaN,NaN,NaN,NaN,NaN,NaN,NaN,NaN,NaN,0.0449212,NaN,NaN,NaN,NaN,NaN,NaN,NaN,NaN,NaN,NaN,NaN,NaN,NaN,-0.16464,NaN,NaN,0.352174,0.09232,NaN,NaN,0.219322,-0.661405,NaN,NaN,NaN,NaN,NaN,NaN,NaN,NaN,NaN,NaN,NaN,NaN,NaN,NaN,NaN,NaN,0.837643,NaN,0,NaN,0.940252,0.994067,0.76192,0.856736,0.974224,NaN,NaN,NaN,NaN,NaN,NaN,NaN,-0.24316,NaN,NaN,NaN,NaN,NaN,NaN,0.0446679,NaN,NaN,-0.0512671,NaN,NaN,NaN,NaN,NaN,NaN,NaN,NaN,NaN,NaN,NaN,NaN,NaN,NaN,NaN,NaN,NaN,NaN,NaN,NaN,NaN,NaN,NaN,NaN,NaN,NaN,NaN,-0.831877,NaN,NaN,NaN,NaN,NaN,111
18.5821,14.6954,175.741,NaN,NaN,NaN,NaN,NaN,NaN,NaN,NaN,NaN,NaN,-0.534649,NaN,NaN,0.739924,NaN,NaN,NaN,NaN,NaN,NaN,NaN,NaN,NaN,-0.557674,NaN,NaN,-0.625343,NaN,NaN,NaN,NaN,NaN,NaN,NaN,NaN,-0.683634,NaN,-0.369106,NaN,NaN,NaN,NaN,0.00466858,NaN,NaN,NaN,NaN,NaN,NaN,0.0255606,NaN,NaN,NaN,NaN,NaN,0.894759,NaN,NaN,NaN,NaN,NaN,NaN,NaN,NaN,NaN,NaN,NaN,NaN,NaN,NaN,-0.172495,NaN,NaN,NaN,NaN,NaN,NaN,NaN,NaN,0,0.464274,0.809519,0.883904,0.904661,0.985768,NaN,NaN,NaN,NaN,NaN,NaN,NaN,NaN,-0.611757,NaN,NaN,NaN,NaN,NaN,NaN,NaN,NaN,NaN,NaN,NaN,NaN,NaN,NaN,NaN,NaN,NaN,NaN,NaN,NaN,NaN,NaN,NaN,NaN,NaN,NaN,NaN,NaN,NaN,NaN,NaN,-0.963808,NaN,NaN,NaN,NaN,NaN,NaN,NaN,NaN,-0.602885,NaN,114
83.5654,101.544,180.642,NaN,NaN,NaN,NaN,NaN,NaN,NaN,NaN,NaN,NaN,NaN,NaN,NaN,NaN,NaN,NaN,0.520309,NaN,NaN,NaN,NaN,NaN,NaN,NaN,0.825975,NaN,NaN,NaN,NaN,NaN,0.663786,NaN,NaN,NaN,NaN,NaN,NaN,NaN,NaN,NaN,NaN,NaN,NaN,NaN,NaN,NaN,NaN,NaN,NaN,NaN,NaN,NaN,NaN,NaN,NaN,NaN,NaN,NaN,NaN,NaN,NaN,NaN,NaN,NaN,-0.330076,NaN,NaN,NaN,NaN,NaN,NaN,NaN,NaN,NaN,NaN,-0.844415,NaN,NaN,0.940252,0.464274,0,0.977986,0.773599,0.958481,0.831008,NaN,NaN,-0.0149226,NaN,NaN,NaN,NaN,NaN,NaN,NaN,0.724568,NaN,-0.559736,NaN,NaN,NaN,NaN,NaN,NaN,NaN,NaN,NaN,NaN,NaN,NaN,-0.437773,NaN,NaN,NaN,NaN,NaN,NaN,NaN,NaN,NaN,0.372685,NaN,NaN,NaN,NaN,NaN,NaN,NaN,NaN,NaN,NaN,NaN,NaN,NaN,-0.718001,NaN,115
70.8897,83.8036,178.628,NaN,-0.901091,NaN,NaN,NaN,NaN,NaN,NaN,0.9466,NaN,NaN,NaN,NaN,NaN,NaN,NaN,NaN,NaN,NaN,NaN,NaN,NaN,NaN,NaN,-0.0948818,NaN,NaN,NaN,NaN,NaN,NaN,NaN,NaN,NaN,NaN,NaN,NaN,NaN,NaN,NaN,0.147648,NaN,-0.868267,0.58536,NaN,NaN,0.863496,NaN,NaN,NaN,NaN,NaN,-0.50287,NaN,NaN,NaN,NaN,NaN,NaN,NaN,NaN,NaN,NaN,NaN,NaN,-0.709053,NaN,NaN,NaN,NaN,NaN,NaN,NaN,NaN,NaN,NaN,NaN,0.558253,0.994067,0.809519,0.977986,0,0.389381,0.686774,0.286683,0.105565,NaN,-0.47823,NaN,NaN,NaN,NaN,NaN,NaN,NaN,NaN,NaN,NaN,NaN,NaN,NaN,NaN,NaN,NaN,NaN,-0.318167,NaN,NaN,NaN,NaN,NaN,NaN,NaN,-0.098803,NaN,NaN,NaN,NaN,NaN,NaN,-0.155384,NaN,NaN,NaN,NaN,0.927376,NaN,NaN,NaN,NaN,NaN,NaN,NaN,NaN,-0.612279,NaN,117
20.6616,78.6509,178.229,NaN,NaN,NaN,NaN,NaN,NaN,NaN,NaN,0.0557852,NaN,NaN,NaN,NaN,NaN,NaN,NaN,NaN,NaN,NaN,NaN,NaN,NaN,-0.288489,NaN,NaN,NaN,NaN,0.734768,NaN,NaN,NaN,NaN,NaN,NaN,NaN,NaN,NaN,NaN,NaN,0.911556,NaN,NaN,NaN,0.373789,NaN,NaN,0.0609243,0.164433,NaN,NaN,NaN,NaN,NaN,NaN,NaN,NaN,NaN,NaN,NaN,NaN,NaN,NaN,NaN,NaN,NaN,NaN,0.437562,NaN,NaN,NaN,NaN,-0.979885,NaN,NaN,NaN,NaN,NaN,NaN,0.76192,0.883904,0.773599,0.389381,0,0.953028,0.935095,NaN,NaN,NaN,-0.0683766,0.5883,NaN,NaN,-0.855966,NaN,NaN,0.611027,NaN,NaN,NaN,NaN,NaN,NaN,0.64276,NaN,NaN,NaN,NaN,NaN,NaN,NaN,NaN,NaN,NaN,NaN,NaN,NaN,NaN,NaN,0.0968984,NaN,NaN,NaN,NaN,NaN,NaN,NaN,NaN,NaN,NaN,NaN,0.651544,NaN,NaN,NaN,NaN,NaN,118
58.9988,64.2965,179.609,NaN,-0.438451,NaN,NaN,NaN,0.946766,NaN,NaN,NaN,NaN,0.119671,NaN,NaN,NaN,NaN,NaN,NaN,NaN,NaN,NaN,NaN,NaN,NaN,NaN,NaN,NaN,NaN,NaN,NaN,NaN,NaN,NaN,NaN,NaN,NaN,NaN,-0.0743307,NaN,NaN,NaN,0.401502,NaN,NaN,NaN,-0.269027,-0.759381,NaN,NaN,NaN,NaN,NaN,NaN,NaN,-0.903787,NaN,NaN,NaN,NaN,NaN,NaN,NaN,NaN,NaN,NaN,NaN,NaN,NaN,NaN,NaN,NaN,NaN,NaN,NaN,NaN,NaN,NaN,NaN,NaN,0.856736,0.904661,0.958481,0.686774,0.953028,0,0.90708,NaN,NaN,NaN,NaN,NaN,NaN,NaN,NaN,NaN,NaN,NaN,NaN,NaN,NaN,NaN,NaN,NaN,NaN,NaN,NaN,0.917241,NaN,0.075579,NaN,NaN,NaN,NaN,NaN,NaN,NaN,NaN,NaN,NaN,NaN,NaN,NaN,NaN,NaN,NaN,NaN,NaN,-0.950739,-0.924812,NaN,NaN,NaN,NaN,NaN,NaN,0.0537634,0.708603,119
86.1578,74.6578,178.505,NaN,NaN,NaN,NaN,NaN,NaN,NaN,NaN,NaN,NaN,NaN,NaN,NaN,NaN,NaN,NaN,NaN,NaN,NaN,NaN,NaN,NaN,NaN,NaN,NaN,NaN,NaN,NaN,NaN,NaN,NaN,NaN,NaN,NaN,NaN,NaN,NaN,NaN,NaN,NaN,NaN,-0.375669,0.0573063,NaN,0.933133,NaN,NaN,NaN,NaN,NaN,NaN,NaN,NaN,NaN,NaN,NaN,NaN,NaN,NaN,NaN,NaN,NaN,NaN,NaN,NaN,NaN,NaN,NaN,NaN,0.689713,NaN,NaN,NaN,-0.0834018,NaN,NaN,NaN,NaN,0.974224,0.985768,0.831008,0.286683,0.935095,0.90708,0,NaN,NaN,NaN,NaN,NaN,NaN,NaN,NaN,NaN,NaN,NaN,NaN,NaN,NaN,NaN,NaN,NaN,NaN,NaN,NaN,NaN,NaN,NaN,NaN,NaN,NaN,NaN,NaN,NaN,NaN,NaN,NaN,NaN,NaN,NaN,NaN,NaN,NaN,NaN,NaN,NaN,NaN,NaN,NaN,-0.863112,-0.265036,NaN,NaN,NaN,NaN,NaN,120
69.234,35.5714,153.192,NaN,-0.239348,NaN,NaN,NaN,NaN,NaN,NaN,NaN,NaN,NaN,NaN,NaN,NaN,NaN,NaN,NaN,NaN,NaN,NaN,NaN,NaN,NaN,NaN,NaN,NaN,NaN,NaN,NaN,NaN,NaN,0.987806,NaN,NaN,NaN,NaN,NaN,NaN,NaN,NaN,0.111154,NaN,NaN,NaN,NaN,NaN,NaN,NaN,NaN,NaN,NaN,NaN,NaN,NaN,NaN,NaN,-0.171016,NaN,NaN,NaN,NaN,0.739102,NaN,NaN,NaN,NaN,NaN,NaN,NaN,NaN,NaN,NaN,NaN,NaN,NaN,NaN,NaN,NaN,NaN,NaN,NaN,0.105565,NaN,NaN,NaN,0,0.992684,NaN,0.975811,0.299777,0.787602,NaN,NaN,NaN,NaN,NaN,NaN,NaN,NaN,NaN,NaN,NaN,NaN,NaN,NaN,NaN,NaN,NaN,NaN,NaN,NaN,NaN,-0.899999,NaN,NaN,NaN,NaN,NaN,NaN,NaN,NaN,NaN,NaN,NaN,NaN,NaN,NaN,NaN,NaN,NaN,NaN,NaN,NaN,NaN,-0.304087,NaN,122
32.7578,25.324,153.736,0.723978,NaN,NaN,NaN,NaN,NaN,0.546999,NaN,NaN,NaN,NaN,NaN,NaN,NaN,NaN,NaN,NaN,-0.257321,NaN,NaN,NaN,NaN,NaN,-0.0673705,NaN,NaN,NaN,NaN,NaN,NaN,NaN,NaN,NaN,NaN,NaN,-0.620326,NaN,NaN,NaN,NaN,NaN,NaN,0.288589,NaN,NaN,0.677438,NaN,NaN,NaN,NaN,NaN,NaN,NaN,NaN,-0.489931,NaN,NaN,NaN,NaN,NaN,0.94687,NaN,NaN,NaN,NaN,NaN,NaN,NaN,NaN,0.298666,NaN,NaN,NaN,NaN,NaN,NaN,NaN,NaN,NaN,NaN,NaN,NaN,NaN,NaN,NaN,0.992684,0,0.662235,0.436701,0.404723,0.947981,0.988529,0.0759394,NaN,NaN,-0.110636,NaN,NaN,NaN,0.48882,NaN,NaN,NaN,NaN,NaN,NaN,NaN,NaN,NaN,-0.482612,NaN,NaN,NaN,NaN,NaN,NaN,NaN,NaN,NaN,NaN,NaN,NaN,NaN,NaN,NaN,NaN,0.453156,NaN,NaN,NaN,NaN,-0.647927,NaN,NaN,NaN,NaN,123
65.0692,37.7616,154.012,NaN,NaN,NaN,NaN,0.0678786,NaN,NaN,NaN,NaN,-0.552497,NaN,NaN,NaN,NaN,NaN,NaN,NaN,NaN,NaN,NaN,NaN,NaN,NaN,0.482287,NaN,NaN,NaN,NaN,NaN,NaN,NaN,NaN,NaN,NaN,0.749432,0.942102,NaN,NaN,NaN,NaN,NaN,NaN,NaN,NaN,NaN,NaN,NaN,NaN,-0.964463,NaN,NaN,NaN,-0.367489,NaN,NaN,NaN,NaN,NaN,NaN,NaN,NaN,NaN,NaN,NaN,NaN,NaN,NaN,NaN,NaN,-0.317236,NaN,NaN,NaN,NaN,NaN,NaN,NaN,NaN,NaN,NaN,-0.0149226,-0.47823,NaN,NaN,NaN,NaN,0.662235,0,0.342301,0.648853,0.81924,0.912929,0.0356208,NaN,NaN,0.418924,NaN,NaN,NaN,NaN,NaN,NaN,NaN,-0.164301,NaN,NaN,NaN,NaN,NaN,NaN,NaN,NaN,NaN,NaN,NaN,0.258011,NaN,NaN,NaN,NaN,NaN,NaN,NaN,0.994481,NaN,NaN,NaN,NaN,NaN,NaN,NaN,NaN,NaN,NaN,NaN,NaN,125
70.932,7.95446,153.876,NaN,-0.211431,NaN,NaN,NaN,NaN,NaN,NaN,NaN,NaN,NaN,NaN,NaN,NaN,NaN,NaN,NaN,NaN,NaN,NaN,NaN,-0.0604638,-0.472067,NaN,NaN,NaN,NaN,NaN,NaN,NaN,NaN,NaN,NaN,NaN,NaN,NaN,NaN,NaN,NaN,NaN,NaN,-0.00922741,NaN,NaN,NaN,NaN,NaN,NaN,NaN,NaN,NaN,NaN,NaN,NaN,NaN,NaN,NaN,NaN,NaN,NaN,NaN,NaN,NaN,NaN,NaN,NaN,NaN,NaN,0.120238,NaN,NaN,NaN,0.27982,NaN,NaN,NaN,NaN,NaN,NaN,NaN,NaN,NaN,-0.0683766,NaN,NaN,0.975811,0.436701,0.342301,0,0.475179,0.493772,0.713948,NaN,NaN,NaN,NaN,NaN,NaN,NaN,NaN,NaN,NaN,NaN,NaN,NaN,NaN,NaN,NaN,NaN,NaN,NaN,NaN,NaN,NaN,0.907931,NaN,NaN,NaN,NaN,NaN,NaN,NaN,NaN,NaN,NaN,NaN,NaN,NaN,NaN,NaN,-0.844514,NaN,NaN,NaN,NaN,NaN,127
69.948,56.0658,153.92,NaN,NaN,-0.567269,NaN,NaN,NaN,NaN,NaN,NaN,NaN,NaN,NaN,NaN,NaN,NaN,0.701841,NaN,NaN,NaN,NaN,NaN,NaN,NaN,NaN,NaN,NaN,NaN,NaN,NaN,NaN,NaN,NaN,NaN,NaN,NaN,NaN,NaN,-0.859444,NaN,NaN,NaN,NaN,NaN,NaN,NaN,NaN,NaN,NaN,NaN,NaN,NaN,NaN,NaN,NaN,NaN,NaN,NaN,NaN,NaN,NaN,NaN,NaN,NaN,NaN,NaN,0.729075,NaN,NaN,NaN,NaN,0.229238,NaN,-0.597657,NaN,NaN,NaN,NaN,NaN,NaN,NaN,NaN,NaN,0.5883,NaN,NaN,0.299777,0.404723,0.648853,0.475179,0,0.942308,0.823944,NaN,NaN,NaN,NaN,NaN,NaN,NaN,NaN,NaN,NaN,NaN,NaN,-0.530428,NaN,0.599328,NaN,NaN,NaN,NaN,NaN,NaN,NaN,NaN,NaN,NaN,NaN,NaN,NaN,-0.744666,NaN,NaN,NaN,NaN,NaN,NaN,NaN,NaN,0.766367,NaN,NaN,NaN,NaN,NaN,NaN,128
29.8029,81.1209,154.155,NaN,NaN,NaN,NaN,NaN,NaN,NaN,NaN,NaN,NaN,NaN,NaN,NaN,0.150246,NaN,NaN,NaN,NaN,NaN,NaN,NaN,NaN,NaN,NaN,NaN,NaN,NaN,NaN,NaN,NaN,NaN,NaN,NaN,NaN,NaN,-0.21846,NaN,NaN,NaN,NaN,NaN,NaN,NaN,NaN,NaN,-0.420493,NaN,NaN,NaN,NaN,NaN,NaN,NaN,NaN,NaN,NaN,NaN,-0.678418,NaN,NaN,NaN,-0.0513108,NaN,NaN,NaN,NaN,NaN,NaN,NaN,NaN,NaN,-0.89004,NaN,0.323701,NaN,-0.779064,NaN,NaN,NaN,NaN,NaN,NaN,NaN,NaN,NaN,0.787602,0.947981,0.81924,0.493772,0.942308,0,0.786835,0.00911972,NaN,NaN,NaN,NaN,NaN,NaN,NaN,NaN,NaN,NaN,NaN,NaN,NaN,NaN,NaN,NaN,NaN,NaN,NaN,NaN,0.211456,NaN,NaN,NaN,NaN,NaN,NaN,NaN,NaN,NaN,NaN,NaN,NaN,NaN,NaN,NaN,NaN,NaN,NaN,NaN,NaN,0.567778,NaN,129
49.9665,80.9879,152.396,-0.0801064,NaN,NaN,NaN,0.264604,NaN,NaN,NaN,NaN,-0.90755,NaN,NaN,NaN,NaN,NaN,NaN,NaN,NaN,NaN,NaN,NaN,NaN,-0.661349,NaN,NaN,NaN,NaN,NaN,NaN,NaN,NaN,NaN,NaN,NaN,NaN,NaN,NaN,NaN,NaN,NaN,NaN,0.285665,NaN,NaN,NaN,NaN,NaN,NaN,NaN,NaN,NaN,NaN,NaN,NaN,NaN,NaN,NaN,NaN,NaN,NaN,NaN,NaN,NaN,NaN,NaN,NaN,NaN,NaN,NaN,NaN,NaN,NaN,NaN,NaN,NaN,NaN,-0.0637398,NaN,NaN,NaN,NaN,NaN,NaN,NaN,NaN,NaN,0.988529,0.912929,0.713948,0.823944,0.786835,0,NaN,NaN,NaN,NaN,NaN,NaN,-0.449442,NaN,NaN,0.774795,NaN,NaN,NaN,NaN,NaN,NaN,NaN,NaN,NaN,NaN,NaN,NaN,NaN,NaN,NaN,0.522407,NaN,NaN,NaN,NaN,0.0456447,NaN,NaN,NaN,NaN,NaN,NaN,NaN,NaN,NaN,NaN,NaN,NaN,NaN,130
60.9898,108.624,125.726,NaN,NaN,NaN,NaN,NaN,NaN,NaN,NaN,NaN,NaN,NaN,NaN,NaN,NaN,NaN,NaN,0.287886,0.92945,0.506475,-0.602482,NaN,NaN,NaN,NaN,NaN,NaN,NaN,NaN,NaN,NaN,NaN,NaN,NaN,NaN,NaN,NaN,NaN,0.0283837,NaN,NaN,NaN,NaN,NaN,-0.881337,NaN,NaN,NaN,NaN,NaN,NaN,NaN,NaN,NaN,NaN,NaN,NaN,NaN,NaN,NaN,NaN,NaN,NaN,NaN,NaN,NaN,NaN,NaN,NaN,NaN,NaN,NaN,NaN,NaN,NaN,-0.432446,NaN,NaN,NaN,-0.24316,NaN,NaN,NaN,-0.855966,NaN,NaN,NaN,0.0759394,0.0356208,NaN,NaN,0.00911972,NaN,0,0.426213,0.924224,0.983477,0.864385,0.854158,NaN,NaN,NaN,NaN,NaN,NaN,NaN,NaN,NaN,NaN,NaN,NaN,NaN,NaN,NaN,NaN,NaN,NaN,NaN,NaN,NaN,NaN,NaN,NaN,NaN,-0.850788,NaN,NaN,NaN,NaN,NaN,NaN,NaN,NaN,NaN,NaN,NaN,NaN,132
54.4311,90.2832,125.82,-0.582898,NaN,NaN,NaN,NaN,NaN,-0.953611,NaN,NaN,NaN,NaN,NaN,NaN,NaN,NaN,NaN,NaN,NaN,NaN,0.211473,NaN,NaN,NaN,NaN,NaN,NaN,NaN,NaN,NaN,NaN,NaN,NaN,NaN,NaN,NaN,NaN,NaN,NaN,NaN,NaN,NaN,NaN,NaN,NaN,NaN,0.316745,NaN,NaN,NaN,NaN,NaN,-0.558579,NaN,NaN,NaN,NaN,NaN,NaN,NaN,NaN,NaN,NaN,NaN,NaN,NaN,0.759282,NaN,NaN,NaN,NaN,NaN,NaN,NaN,NaN,NaN,-0.686426,NaN,NaN,NaN,-0.611757,NaN,NaN,NaN,NaN,NaN,NaN,NaN,NaN,NaN,NaN,NaN,NaN,0.426213,0,0.718428,0.771737,0.328586,0.973237,NaN,NaN,NaN,NaN,NaN,NaN,NaN,NaN,NaN,NaN,NaN,NaN,NaN,0.597202,NaN,NaN,NaN,-0.842029,NaN,NaN,NaN,NaN,NaN,NaN,NaN,0.487272,NaN,NaN,NaN,NaN,NaN,NaN,0.324957,0.546748,NaN,NaN,NaN,NaN,133
50.7335,40.6085,124.701,NaN,NaN,NaN,NaN,NaN,NaN,NaN,NaN,NaN,-0.855559,NaN,NaN,NaN,NaN,NaN,NaN,NaN,NaN,NaN,0.628833,NaN,NaN,NaN,NaN,NaN,-0.411905,NaN,NaN,NaN,NaN,NaN,NaN,NaN,NaN,NaN,NaN,NaN,NaN,NaN,NaN,NaN,NaN,NaN,NaN,NaN,-0.995573,NaN,0.777995,NaN,NaN,-0.40784,NaN,NaN,-0.49949,NaN,NaN,NaN,-0.156564,NaN,NaN,NaN,NaN,NaN,NaN,NaN,NaN,NaN,NaN,NaN,NaN,NaN,NaN,NaN,NaN,NaN,NaN,NaN,NaN,NaN,NaN,NaN,NaN,NaN,NaN,NaN,NaN,NaN,NaN,NaN,NaN,NaN,NaN,0.924224,0.718428,0,0.283337,0.963764,0.640184,NaN,NaN,NaN,NaN,NaN,-0.685763,NaN,NaN,NaN,NaN,-0.55551,NaN,NaN,-0.563284,NaN,NaN,NaN,NaN,NaN,NaN,NaN,NaN,NaN,NaN,NaN,NaN,NaN,NaN,-0.123029,0.773572,NaN,0.540427,NaN,NaN,NaN,NaN,NaN,NaN,134
20.2167,62.1108,125.087,NaN,NaN,NaN,NaN,NaN,NaN,NaN,NaN,NaN,NaN,NaN,NaN,NaN,NaN,NaN,NaN,NaN,NaN,NaN,NaN,NaN,NaN,NaN,NaN,NaN,NaN,NaN,NaN,NaN,NaN,NaN,NaN,NaN,0.0222664,NaN,NaN,NaN,NaN,NaN,NaN,NaN,NaN,NaN,NaN,NaN,NaN,NaN,NaN,NaN,0.448623,NaN,NaN,NaN,NaN,0.213694,NaN,NaN,NaN,-0.553111,NaN,NaN,NaN,NaN,NaN,NaN,NaN,NaN,NaN,NaN,NaN,NaN,NaN,NaN,NaN,NaN,NaN,NaN,NaN,NaN,NaN,0.724568,NaN,0.611027,NaN,NaN,NaN,-0.110636,0.418924,NaN,NaN,NaN,NaN,0.983477,0.771737,0.283337,0,0.971209,0.748005,NaN,NaN,0.791084,NaN,NaN,NaN,NaN,NaN,NaN,0.0933123,NaN,NaN,NaN,NaN,NaN,NaN,NaN,NaN,NaN,NaN,NaN,NaN,NaN,NaN,NaN,NaN,NaN,NaN,NaN,NaN,NaN,NaN,NaN,NaN,NaN,NaN,NaN,0.735858,136
85.4299,32.761,124.389,NaN,NaN,0.0787717,NaN,NaN,NaN,NaN,NaN,NaN,NaN,NaN,NaN,NaN,NaN,NaN,NaN,NaN,NaN,NaN,NaN,NaN,0.407396,NaN,NaN,NaN,NaN,NaN,NaN,NaN,NaN,NaN,NaN,NaN,NaN,NaN,0.327383,NaN,NaN,NaN,NaN,NaN,NaN,NaN,NaN,NaN,NaN,NaN,NaN,NaN,0.755628,NaN,-0.493153,NaN,NaN,NaN,NaN,NaN,NaN,NaN,NaN,NaN,NaN,NaN,NaN,NaN,NaN,NaN,0.723465,NaN,NaN,NaN,NaN,NaN,NaN,NaN,NaN,NaN,NaN,NaN,NaN,NaN,NaN,NaN,NaN,NaN,NaN,NaN,NaN,NaN,NaN,NaN,NaN,0.864385,0.328586,0.963764,0.971209,0,0.818011,NaN,NaN,NaN,NaN,NaN,NaN,NaN,-0.469963,NaN,NaN,NaN,NaN,NaN,NaN,NaN,NaN,NaN,NaN,NaN,NaN,NaN,0.775361,NaN,NaN,-0.857099,NaN,NaN,NaN,NaN,NaN,NaN,-0.828263,NaN,NaN,NaN,NaN,NaN,NaN,138
23.0453,68.7992,126.89,NaN,NaN,NaN,NaN,NaN,NaN,NaN,NaN,NaN,NaN,NaN,NaN,NaN,NaN,-0.222169,NaN,NaN,NaN,NaN,NaN,NaN,NaN,NaN,NaN,NaN,NaN,NaN,NaN,NaN,0.488815,NaN,NaN,NaN,NaN,NaN,NaN,NaN,NaN,NaN,NaN,NaN,NaN,NaN,NaN,NaN,NaN,NaN,NaN,NaN,NaN,-0.49775,NaN,NaN,NaN,NaN,NaN,NaN,NaN,-0.28736,NaN,0.286916,NaN,NaN,NaN,NaN,NaN,NaN,NaN,NaN,NaN,NaN,NaN,NaN,NaN,NaN,NaN,NaN,NaN,NaN,NaN,-0.559736,NaN,NaN,NaN,NaN,NaN,NaN,NaN,NaN,NaN,NaN,NaN,0.854158,0.973237,0.640184,0.748005,0.818011,0,NaN,NaN,NaN,NaN,NaN,NaN,NaN,NaN,-0.902587,NaN,NaN,0.912618,NaN,NaN,NaN,NaN,NaN,NaN,NaN,NaN,NaN,-0.936102,NaN,NaN,NaN,NaN,NaN,NaN,NaN,NaN,NaN,NaN,0.99628,NaN,NaN,-0.172872,NaN,NaN,139
100.414,22.0589,127.295,NaN,NaN,NaN,NaN,NaN,NaN,NaN,NaN,NaN,NaN,NaN,NaN,NaN,NaN,NaN,NaN,NaN,NaN,NaN,NaN,NaN,NaN,NaN,NaN,0.470544,NaN,NaN,-0.476264,NaN,NaN,NaN,0.654048,NaN,NaN,NaN,-0.575144,NaN,NaN,NaN,NaN,NaN,NaN,NaN,NaN,NaN,NaN,NaN,NaN,NaN,NaN,NaN,NaN,NaN,NaN,NaN,NaN,NaN,0.702807,NaN,NaN,NaN,NaN,NaN,NaN,NaN,NaN,NaN,NaN,NaN,NaN,0.652872,NaN,-0.76726,NaN,-0.962587,NaN,NaN,NaN,NaN,NaN,NaN,NaN,NaN,NaN,NaN,NaN,NaN,NaN,NaN,NaN,NaN,-0.449442,NaN,NaN,NaN,NaN,NaN,NaN,0,0.966017,0.287561,NaN,NaN,NaN,NaN,0.116491,NaN,NaN,NaN,NaN,NaN,NaN,NaN,NaN,NaN,NaN,NaN,NaN,NaN,NaN,NaN,NaN,NaN,NaN,NaN,NaN,NaN,NaN,NaN,NaN,NaN,NaN,NaN,NaN,NaN,-0.452682,141
83.7994,32.4436,128.44,NaN,NaN,NaN,NaN,NaN,NaN,NaN,NaN,NaN,NaN,NaN,NaN,NaN,NaN,NaN,NaN,NaN,NaN,NaN,-0.813676,-0.0670785,NaN,NaN,NaN,NaN,NaN,NaN,NaN,NaN,NaN,NaN,NaN,NaN,NaN,NaN,NaN,NaN,NaN,NaN,NaN,NaN,NaN,NaN,NaN,NaN,0.687918,NaN,NaN,NaN,NaN,NaN,NaN,NaN,NaN,NaN,-0.883992,NaN,NaN,NaN,NaN,NaN,NaN,NaN,-0.689763,NaN,NaN,NaN,NaN,NaN,NaN,NaN,-0.442821,NaN,NaN,0.776336,NaN,NaN,NaN,0.0446679,NaN,NaN,NaN,NaN,NaN,NaN,NaN,0.48882,NaN,NaN,NaN,NaN,NaN,NaN,NaN,NaN,NaN,NaN,NaN,0.966017,0,0.833893,0.926645,-0.0182778,NaN,NaN,NaN,NaN,NaN,NaN,NaN,NaN,NaN,NaN,NaN,NaN,NaN,NaN,NaN,NaN,NaN,0.706563,NaN,NaN,NaN,NaN,NaN,-0.853039,NaN,NaN,0.641128,NaN,NaN,NaN,NaN,NaN,NaN,142
96.5768,33.4078,129.45,NaN,NaN,NaN,NaN,NaN,NaN,NaN,NaN,NaN,NaN,0.792918,NaN,NaN,NaN,0.239544,NaN,NaN,NaN,NaN,NaN,NaN,NaN,NaN,NaN,NaN,NaN,NaN,NaN,NaN,NaN,NaN,NaN,NaN,NaN,NaN,NaN,0.293848,NaN,NaN,NaN,NaN,NaN,NaN,0.126186,NaN,NaN,NaN,NaN,NaN,NaN,NaN,NaN,NaN,NaN,NaN,NaN,NaN,NaN,NaN,NaN,NaN,NaN,NaN,NaN,NaN,NaN,NaN,NaN,NaN,NaN,0.286119,NaN,NaN,NaN,NaN,NaN,NaN,NaN,NaN,NaN,NaN,NaN,NaN,NaN,NaN,NaN,NaN,NaN,NaN,NaN,NaN,NaN,NaN,NaN,NaN,0.791084,NaN,NaN,0.287561,0.833893,0,0.3752,NaN,NaN,NaN,NaN,NaN,NaN,NaN,NaN,NaN,-0.490092,NaN,NaN,NaN,NaN,NaN,-0.962411,NaN,NaN,NaN,NaN,NaN,NaN,NaN,NaN,0.551123,NaN,NaN,NaN,NaN,NaN,NaN,NaN,-0.417658,NaN,144
89.82,1.35066,128.146,NaN,NaN,NaN,NaN,NaN,NaN,NaN,NaN,NaN,NaN,-0.634681,-0.139213,-0.662025,NaN,NaN,NaN,0.0150896,NaN,NaN,NaN,NaN,NaN,NaN,0.971504,NaN,NaN,NaN,NaN,NaN,NaN,-0.382591,-0.634684,0.514924,NaN,NaN,0.556497,NaN,NaN,-0.0285295,NaN,NaN,NaN,0.825225,NaN,NaN,NaN,NaN,NaN,NaN,NaN,NaN,NaN,NaN,NaN,NaN,-0.310337,-0.919276,NaN,NaN,NaN,NaN,NaN,NaN,NaN,NaN,NaN,NaN,NaN,NaN,NaN,NaN,NaN,-0.33077,NaN,NaN,NaN,0.812925,NaN,NaN,NaN,NaN,NaN,NaN,NaN,NaN,NaN,NaN,NaN,NaN,NaN,NaN,0.774795,NaN,NaN,NaN,NaN,NaN,NaN,NaN,0.926645,0.3752,0,NaN,NaN,NaN,NaN,NaN,NaN,NaN,NaN,NaN,NaN,-0.357492,NaN,NaN,NaN,NaN,NaN,NaN,NaN,NaN,0.92689,0.606253,NaN,NaN,NaN,NaN,NaN,0.0917482,NaN,NaN,NaN,NaN,NaN,NaN,-0.711027,148
66.3775,85.208,151.152,NaN,NaN,NaN,-0.677425,NaN,NaN,NaN,NaN,NaN,NaN,NaN,NaN,NaN,NaN,-0.0727435,NaN,0.555025,NaN,NaN,NaN,-0.975101,NaN,NaN,NaN,NaN,NaN,NaN,NaN,NaN,NaN,NaN,NaN,NaN,NaN,NaN,NaN,NaN,0.266611,NaN,NaN,NaN,0.349111,NaN,-0.909962,NaN,NaN,NaN,NaN,NaN,-0.87122,NaN,NaN,NaN,NaN,NaN,NaN,NaN,NaN,NaN,0.798671,NaN,NaN,NaN,NaN,NaN,NaN,0.755796,NaN,NaN,NaN,NaN,NaN,0.93615,NaN,NaN,0.952397,NaN,NaN,-0.0512671,NaN,NaN,NaN,0.64276,NaN,NaN,NaN,NaN,NaN,NaN,NaN,NaN,NaN,NaN,NaN,NaN,NaN,NaN,NaN,NaN,-0.0182778,NaN,NaN,0,0.807299,0.853918,0.903469,NaN,0.960525,NaN,NaN,NaN,0.130138,NaN,-0.611146,NaN,NaN,NaN,NaN,NaN,NaN,0.5955,-0.695281,NaN,NaN,NaN,NaN,NaN,NaN,NaN,NaN,0.107659,NaN,NaN,NaN,NaN,-0.813958,151
100.901,29.9016,153.401,NaN,NaN,NaN,NaN,0.115098,NaN,NaN,NaN,NaN,NaN,NaN,NaN,NaN,-0.797218,NaN,NaN,NaN,NaN,NaN,0.230575,NaN,NaN,NaN,NaN,NaN,NaN,-0.696585,NaN,NaN,NaN,NaN,NaN,NaN,NaN,NaN,0.289227,NaN,NaN,NaN,NaN,NaN,NaN,NaN,NaN,NaN,NaN,NaN,NaN,NaN,-0.0762009,NaN,NaN,NaN,NaN,NaN,NaN,NaN,NaN,NaN,NaN,NaN,NaN,-0.144902,NaN,NaN,NaN,NaN,NaN,NaN,NaN,NaN,NaN,NaN,0.39586,NaN,NaN,NaN,NaN,NaN,NaN,NaN,NaN,NaN,NaN,NaN,NaN,NaN,-0.164301,NaN,NaN,NaN,NaN,NaN,NaN,-0.685763,NaN,NaN,NaN,NaN,NaN,NaN,NaN,0.807299,0,0.665352,0.613534,0.934985,0.672043,-0.511535,NaN,NaN,NaN,NaN,NaN,-0.106049,NaN,NaN,NaN,NaN,NaN,NaN,NaN,NaN,NaN,NaN,NaN,NaN,NaN,NaN,NaN,NaN,NaN,NaN,NaN,NaN,NaN,152
77.1378,66.3517,153.191,NaN,NaN,NaN,NaN,NaN,NaN,NaN,NaN,NaN,NaN,NaN,NaN,NaN,NaN,NaN,0.27613,NaN,NaN,NaN,NaN,0.0827582,NaN,NaN,NaN,NaN,NaN,NaN,NaN,NaN,0.381122,NaN,NaN,-0.722202,NaN,NaN,NaN,NaN,NaN,NaN,NaN,NaN,NaN,NaN,NaN,NaN,NaN,NaN,0.696486,0.603637,NaN,NaN,NaN,0.039951,NaN,NaN,-0.175159,NaN,NaN,-0.79204,NaN,NaN,0.679182,NaN,NaN,NaN,NaN,NaN,-0.715598,NaN,NaN,NaN,NaN,NaN,NaN,NaN,NaN,NaN,NaN,NaN,NaN,NaN,NaN,NaN,NaN,NaN,NaN,NaN,NaN,NaN,-0.530428,NaN,NaN,NaN,NaN,NaN,NaN,NaN,NaN,NaN,NaN,NaN,NaN,0.853918,0.665352,0,0.723775,0.950681,0.786807,NaN,NaN,NaN,NaN,NaN,NaN,NaN,NaN,NaN,0.833236,NaN,NaN,NaN,NaN,NaN,NaN,NaN,NaN,-0.587681,NaN,NaN,NaN,NaN,NaN,NaN,NaN,NaN,NaN,153
61.4182,24.5639,153.068,NaN,NaN,NaN,NaN,NaN,-0.0119394,NaN,NaN,NaN,-0.576921,0.506194,NaN,NaN,NaN,NaN,NaN,NaN,NaN,NaN,NaN,-0.537677,NaN,NaN,NaN,NaN,NaN,NaN,NaN,NaN,NaN,NaN,NaN,NaN,NaN,NaN,NaN,NaN,NaN,NaN,NaN,NaN,NaN,NaN,NaN,NaN,NaN,NaN,NaN,NaN,NaN,-0.216578,NaN,NaN,NaN,NaN,NaN,NaN,NaN,NaN,NaN,NaN,NaN,NaN,NaN,NaN,NaN,NaN,NaN,NaN,NaN,NaN,NaN,NaN,NaN,NaN,NaN,-0.0257201,NaN,NaN,NaN,NaN,-0.318167,NaN,0.917241,NaN,NaN,NaN,NaN,NaN,NaN,NaN,NaN,NaN,NaN,NaN,NaN,-0.469963,NaN,0.116491,NaN,NaN,NaN,0.903469,0.613534,0.723775,0,0.999059,0.917201,NaN,NaN,NaN,NaN,NaN,NaN,-0.150867,NaN,NaN,NaN,NaN,NaN,NaN,NaN,NaN,NaN,NaN,NaN,NaN,NaN,NaN,NaN,NaN,NaN,-0.00388125,NaN,NaN,NaN,156
98.7158,79.0143,152.928,NaN,NaN,NaN,NaN,NaN,NaN,NaN,NaN,NaN,NaN,NaN,NaN,NaN,NaN,NaN,-0.927636,NaN,NaN,NaN,NaN,NaN,NaN,NaN,NaN,NaN,NaN,NaN,NaN,NaN,NaN,-0.502692,NaN,NaN,NaN,NaN,NaN,NaN,-0.308679,NaN,NaN,0.993687,NaN,NaN,NaN,-0.304253,NaN,NaN,NaN,NaN,NaN,NaN,NaN,NaN,NaN,NaN,NaN,NaN,NaN,NaN,NaN,NaN,NaN,NaN,-0.295047,NaN,NaN,NaN,NaN,NaN,NaN,NaN,NaN,NaN,NaN,NaN,NaN,NaN,NaN,NaN,NaN,NaN,NaN,NaN,NaN,NaN,NaN,NaN,NaN,NaN,0.599328,NaN,NaN,NaN,NaN,NaN,NaN,NaN,-0.902587,NaN,NaN,NaN,NaN,NaN,0.934985,0.950681,0.999059,0,0.732975,NaN,NaN,NaN,NaN,NaN,0.494119,NaN,NaN,NaN,NaN,NaN,NaN,NaN,NaN,NaN,NaN,NaN,NaN,NaN,NaN,-0.867419,NaN,NaN,NaN,NaN,NaN,-0.316394,0.53631,157
108.873,51.4525,152.583,NaN,NaN,NaN,-0.607268,NaN,NaN,NaN,NaN,NaN,NaN,NaN,NaN,NaN,NaN,NaN,NaN,NaN,0.244794,NaN,NaN,NaN,-0.0224924,NaN,NaN,NaN,-0.886565,NaN,0.0481938,NaN,NaN,NaN,NaN,-0.821526,NaN,NaN,-0.238319,NaN,NaN,NaN,0.921437,NaN,NaN,NaN,NaN,NaN,NaN,NaN,NaN,NaN,NaN,NaN,NaN,NaN,NaN,0.134903,NaN,NaN,-0.986995,NaN,0.32019,NaN,NaN,NaN,NaN,NaN,NaN,NaN,NaN,NaN,NaN,NaN,NaN,NaN,NaN,NaN,NaN,NaN,NaN,NaN,NaN,NaN,NaN,NaN,0.075579,NaN,NaN,NaN,NaN,NaN,NaN,NaN,NaN,NaN,NaN,NaN,0.0933123,NaN,NaN,NaN,NaN,NaN,NaN,0.960525,0.672043,0.786807,0.917201,0.732975,0,NaN,NaN,NaN,NaN,NaN,NaN,NaN,NaN,0.0399181,NaN,NaN,NaN,0.267636,NaN,NaN,NaN,NaN,NaN,NaN,NaN,0.188816,NaN,NaN,NaN,NaN,NaN,NaN,NaN,158
66.3627,63.0856,136.209,NaN,NaN,NaN,NaN,NaN,NaN,NaN,NaN,NaN,NaN,NaN,NaN,NaN,NaN,NaN,NaN,NaN,NaN,NaN,NaN,NaN,0.411958,NaN,NaN,NaN,NaN,NaN,NaN,NaN,NaN,-0.737235,NaN,NaN,NaN,NaN,NaN,NaN,0.56721,NaN,-0.790781,NaN,NaN,NaN,NaN,NaN,NaN,NaN,NaN,NaN,NaN,NaN,NaN,NaN,NaN,NaN,0.829955,NaN,NaN,NaN,NaN,NaN,NaN,NaN,NaN,NaN,NaN,NaN,NaN,NaN,NaN,NaN,NaN,NaN,NaN,NaN,NaN,NaN,NaN,NaN,NaN,NaN,NaN,NaN,NaN,NaN,NaN,NaN,NaN,NaN,NaN,NaN,NaN,NaN,NaN,-0.55551,NaN,NaN,NaN,NaN,NaN,NaN,NaN,NaN,-0.511535,NaN,NaN,NaN,NaN,0,0.9569,0.529921,0.943946,0.197417,NaN,NaN,NaN,NaN,NaN,NaN,NaN,-0.150501,NaN,NaN,NaN,NaN,NaN,NaN,NaN,NaN,NaN,NaN,NaN,NaN,NaN,NaN,NaN,161
99.214,84.0467,136.335,NaN,NaN,NaN,NaN,NaN,NaN,NaN,NaN,NaN,NaN,-0.119283,NaN,NaN,NaN,NaN,NaN,NaN,NaN,NaN,NaN,NaN,NaN,NaN,NaN,NaN,NaN,NaN,NaN,NaN,NaN,NaN,NaN,NaN,-0.36656,NaN,NaN,NaN,NaN,NaN,NaN,NaN,NaN,NaN,NaN,NaN,NaN,NaN,NaN,NaN,NaN,NaN,NaN,NaN,NaN,NaN,NaN,NaN,NaN,NaN,NaN,NaN,0.708058,NaN,NaN,NaN,NaN,NaN,NaN,NaN,NaN,NaN,NaN,NaN,NaN,NaN,NaN,0.823403,NaN,NaN,NaN,NaN,NaN,NaN,NaN,NaN,NaN,-0.482612,NaN,NaN,NaN,NaN,NaN,NaN,NaN,NaN,NaN,NaN,0.912618,NaN,NaN,NaN,NaN,NaN,NaN,NaN,NaN,NaN,NaN,0.9569,0,0.774305,NaN,0.736034,NaN,NaN,NaN,NaN,-0.875562,NaN,NaN,NaN,NaN,NaN,NaN,NaN,NaN,NaN,NaN,NaN,NaN,NaN,NaN,NaN,NaN,0.0765767,NaN,163
23.7171,67.1499,135.462,NaN,NaN,NaN,NaN,NaN,NaN,NaN,NaN,-0.170348,NaN,NaN,NaN,NaN,NaN,NaN,-0.944201,NaN,NaN,NaN,NaN,NaN,NaN,NaN,NaN,0.335877,NaN,NaN,NaN,NaN,0.235874,NaN,NaN,NaN,0.783415,NaN,NaN,NaN,NaN,NaN,NaN,NaN,NaN,NaN,NaN,NaN,NaN,NaN,NaN,NaN,NaN,NaN,NaN,-0.980004,NaN,NaN,NaN,NaN,NaN,NaN,NaN,NaN,-0.144414,NaN,NaN,NaN,0.243342,-0.570788,NaN,NaN,NaN,NaN,NaN,NaN,-0.142114,NaN,NaN,NaN,NaN,NaN,NaN,-0.437773,NaN,NaN,NaN,NaN,NaN,NaN,NaN,NaN,NaN,NaN,NaN,NaN,NaN,NaN,NaN,NaN,NaN,NaN,NaN,NaN,NaN,NaN,NaN,NaN,NaN,NaN,NaN,0.529921,0.774305,0,0.95939,0.975629,NaN,NaN,NaN,NaN,NaN,NaN,NaN,0.660635,NaN,NaN,0.597492,-0.689525,NaN,NaN,NaN,NaN,NaN,NaN,NaN,NaN,NaN,NaN,NaN,164
65.9917,62.8742,135.563,NaN,NaN,NaN,NaN,0.571405,NaN,NaN,NaN,NaN,NaN,NaN,NaN,NaN,NaN,NaN,NaN,NaN,NaN,NaN,NaN,NaN,NaN,NaN,NaN,NaN,NaN,NaN,NaN,NaN,NaN,NaN,NaN,NaN,NaN,NaN,NaN,NaN,NaN,0.436575,NaN,NaN,NaN,NaN,-0.807316,NaN,NaN,NaN,NaN,NaN,NaN,NaN,NaN,NaN,NaN,NaN,NaN,NaN,NaN,NaN,NaN,NaN,NaN,NaN,NaN,NaN,NaN,NaN,NaN,NaN,NaN,NaN,NaN,NaN,NaN,NaN,NaN,-0.283796,NaN,NaN,NaN,NaN,NaN,NaN,NaN,NaN,NaN,NaN,NaN,NaN,NaN,NaN,NaN,NaN,0.597202,-0.563284,NaN,NaN,NaN,NaN,NaN,-0.490092,NaN,0.130138,NaN,NaN,NaN,NaN,NaN,0.943946,NaN,0.95939,0,0.281872,NaN,NaN,NaN,NaN,NaN,NaN,NaN,NaN,NaN,NaN,-0.686227,NaN,NaN,NaN,NaN,NaN,NaN,NaN,NaN,NaN,NaN,NaN,NaN,166
54.8652,79.4274,136.724,NaN,NaN,NaN,NaN,NaN,0.172068,NaN,NaN,NaN,NaN,NaN,NaN,NaN,NaN,NaN,NaN,NaN,NaN,NaN,NaN,NaN,NaN,NaN,NaN,NaN,-0.299368,NaN,NaN,NaN,NaN,NaN,NaN,NaN,NaN,NaN,NaN,NaN,NaN,NaN,NaN,NaN,NaN,NaN,NaN,NaN,NaN,NaN,NaN,NaN,NaN,NaN,NaN,NaN,NaN,NaN,NaN,NaN,NaN,NaN,NaN,NaN,NaN,NaN,NaN,NaN,NaN,NaN,NaN,NaN,NaN,NaN,NaN,NaN,NaN,NaN,NaN,NaN,-0.385139,NaN,NaN,NaN,NaN,NaN,NaN,NaN,-0.899999,NaN,NaN,NaN,NaN,NaN,NaN,NaN,NaN,NaN,NaN,NaN,NaN,NaN,NaN,NaN,-0.357492,NaN,NaN,NaN,NaN,NaN,NaN,0.197417,0.736034,0.975629,0.281872,0,NaN,0.440696,NaN,NaN,NaN,NaN,NaN,NaN,NaN,NaN,NaN,NaN,NaN,NaN,NaN,0.719967,NaN,NaN,NaN,NaN,NaN,NaN,NaN,169
24.6705,65.6557,190.386,NaN,NaN,-0.125162,NaN,NaN,NaN,NaN,NaN,NaN,NaN,NaN,NaN,NaN,NaN,NaN,NaN,NaN,NaN,NaN,NaN,-0.923409,-0.106315,NaN,NaN,NaN,NaN,NaN,NaN,NaN,NaN,NaN,NaN,NaN,NaN,NaN,NaN,NaN,NaN,-0.570121,0.697944,NaN,NaN,NaN,NaN,NaN,NaN,NaN,NaN,NaN,NaN,-0.334149,NaN,NaN,NaN,NaN,NaN,NaN,NaN,NaN,0.604962,NaN,NaN,NaN,NaN,NaN,NaN,NaN,NaN,NaN,NaN,NaN,NaN,NaN,NaN,NaN,-0.646063,NaN,-0.611092,NaN,NaN,NaN,-0.098803,NaN,NaN,NaN,NaN,NaN,NaN,NaN,NaN,0.211456,NaN,NaN,NaN,NaN,NaN,NaN,NaN,NaN,NaN,NaN,NaN,-0.611146,NaN,NaN,NaN,0.494119,NaN,NaN,NaN,NaN,NaN,NaN,0,0.867395,0.932451,0.663034,0.637544,0.990349,0.936949,NaN,NaN,NaN,NaN,NaN,NaN,NaN,NaN,NaN,0.143607,NaN,NaN,NaN,-0.859785,NaN,NaN,171
24.8774,76.067,192.044,NaN,0.309515,NaN,NaN,NaN,NaN,NaN,NaN,NaN,NaN,NaN,NaN,NaN,NaN,NaN,NaN,NaN,NaN,NaN,NaN,NaN,NaN,NaN,NaN,NaN,NaN,NaN,NaN,NaN,NaN,NaN,NaN,NaN,NaN,NaN,NaN,NaN,NaN,NaN,0.405448,NaN,NaN,NaN,NaN,0.498365,NaN,NaN,NaN,NaN,NaN,NaN,0.515708,NaN,NaN,NaN,NaN,NaN,NaN,NaN,NaN,NaN,NaN,NaN,NaN,NaN,NaN,NaN,NaN,NaN,NaN,NaN,-0.968608,NaN,NaN,-0.183957,NaN,NaN,NaN,NaN,NaN,NaN,NaN,NaN,NaN,NaN,NaN,NaN,NaN,0.907931,NaN,NaN,NaN,NaN,NaN,NaN,NaN,NaN,NaN,NaN,NaN,NaN,NaN,NaN,-0.106049,NaN,-0.150867,NaN,NaN,NaN,NaN,NaN,NaN,0.440696,0.867395,0,0.439645,0.992311,0.827689,0.228668,0.813291,NaN,NaN,-0.368346,NaN,NaN,NaN,NaN,0.429565,NaN,-0.763572,NaN,NaN,NaN,NaN,NaN,NaN,172
71.0921,107.727,192.063,NaN,NaN,NaN,NaN,NaN,NaN,NaN,NaN,NaN,NaN,NaN,NaN,NaN,NaN,NaN,NaN,NaN,NaN,NaN,NaN,NaN,NaN,NaN,NaN,NaN,NaN,NaN,NaN,0.901352,NaN,NaN,0.15382,NaN,NaN,NaN,NaN,NaN,NaN,0.655223,NaN,NaN,NaN,NaN,NaN,NaN,0.259682,NaN,0.598161,NaN,NaN,NaN,NaN,NaN,NaN,NaN,NaN,-0.670757,0.91255,NaN,NaN,NaN,NaN,NaN,NaN,NaN,NaN,NaN,NaN,NaN,0.909125,NaN,NaN,NaN,NaN,NaN,NaN,NaN,NaN,NaN,NaN,NaN,NaN,NaN,NaN,NaN,NaN,NaN,0.258011,NaN,NaN,NaN,NaN,NaN,-0.842029,NaN,NaN,NaN,NaN,NaN,NaN,NaN,NaN,NaN,NaN,NaN,NaN,NaN,NaN,NaN,NaN,NaN,NaN,NaN,0.932451,0.439645,0,0.72164,0.886699,0.49481,0.978298,NaN,NaN,0.481422,NaN,NaN,NaN,NaN,NaN,NaN,0.608798,NaN,NaN,NaN,NaN,NaN,NaN,173
74.2272,87.9954,193.254,NaN,NaN,NaN,NaN,NaN,NaN,NaN,NaN,NaN,0.479582,NaN,NaN,NaN,-0.581535,NaN,NaN,NaN,NaN,NaN,NaN,NaN,NaN,0.337815,NaN,NaN,NaN,0.212946,NaN,NaN,NaN,NaN,NaN,NaN,NaN,NaN,NaN,NaN,NaN,NaN,-0.646656,NaN,0.512121,NaN,0.638735,NaN,NaN,NaN,0.455599,-0.974503,NaN,NaN,NaN,NaN,NaN,NaN,NaN,NaN,NaN,NaN,NaN,NaN,-0.22765,NaN,NaN,-0.37621,NaN,NaN,NaN,NaN,0.660732,0.525186,NaN,NaN,NaN,NaN,NaN,NaN,NaN,NaN,NaN,NaN,NaN,NaN,NaN,NaN,NaN,NaN,NaN,NaN,NaN,NaN,NaN,NaN,NaN,NaN,NaN,NaN,NaN,NaN,NaN,NaN,NaN,NaN,NaN,NaN,NaN,NaN,0.0399181,NaN,NaN,NaN,NaN,NaN,0.663034,0.992311,0.72164,0,0.682133,0.435487,0.977416,NaN,NaN,NaN,NaN,NaN,NaN,NaN,NaN,NaN,NaN,NaN,NaN,-0.49657,NaN,NaN,NaN,174
79.0796,54.5993,191.993,NaN,NaN,0.330743,NaN,NaN,NaN,NaN,NaN,NaN,NaN,NaN,NaN,NaN,NaN,-0.363811,NaN,NaN,NaN,NaN,NaN,NaN,NaN,NaN,NaN,NaN,NaN,NaN,NaN,NaN,NaN,NaN,NaN,NaN,NaN,NaN,NaN,NaN,-0.988106,NaN,NaN,NaN,NaN,NaN,-0.742223,NaN,NaN,NaN,NaN,NaN,NaN,NaN,NaN,-0.42309,0.137225,NaN,NaN,NaN,NaN,NaN,NaN,NaN,NaN,NaN,NaN,NaN,NaN,NaN,NaN,0.234026,NaN,NaN,NaN,NaN,NaN,NaN,NaN,-0.104134,NaN,NaN,NaN,NaN,NaN,NaN,NaN,NaN,NaN,NaN,NaN,NaN,NaN,NaN,0.522407,NaN,NaN,NaN,NaN,NaN,NaN,NaN,NaN,-0.962411,NaN,NaN,NaN,0.833236,NaN,NaN,NaN,NaN,-0.875562,NaN,NaN,NaN,0.637544,0.827689,0.886699,0.682133,0,0.843044,0.745912,NaN,NaN,NaN,NaN,-0.774127,NaN,NaN,NaN,NaN,NaN,NaN,NaN,NaN,NaN,NaN,-0.820832,176
77.6387,64.5826,189.087,NaN,NaN,NaN,NaN,NaN,NaN,NaN,NaN,NaN,NaN,NaN,NaN,NaN,NaN,NaN,NaN,0.13767,NaN,NaN,NaN,NaN,NaN,NaN,NaN,NaN,NaN,NaN,NaN,NaN,NaN,NaN,NaN,0.825211,NaN,NaN,NaN,NaN,NaN,NaN,NaN,NaN,NaN,NaN,NaN,NaN,NaN,NaN,NaN,NaN,NaN,NaN,NaN,NaN,-0.428667,NaN,NaN,NaN,NaN,NaN,NaN,NaN,NaN,-0.144002,NaN,NaN,NaN,NaN,NaN,NaN,NaN,NaN,NaN,NaN,NaN,NaN,NaN,NaN,NaN,NaN,NaN,NaN,NaN,0.0968984,NaN,NaN,NaN,NaN,NaN,NaN,NaN,NaN,NaN,NaN,NaN,NaN,NaN,NaN,NaN,NaN,NaN,NaN,NaN,NaN,NaN,NaN,NaN,NaN,NaN,NaN,NaN,NaN,NaN,NaN,0.990349,0.228668,0.49481,0.435487,0.843044,0,0.857681,NaN,NaN,NaN,NaN,NaN,NaN,NaN,NaN,NaN,NaN,NaN,NaN,NaN,NaN,0.271476,NaN,177
53.0757,103.726,191.412,NaN,NaN,NaN,NaN,NaN,NaN,NaN,NaN,0.341638,NaN,-0.392596,NaN,NaN,NaN,NaN,NaN,NaN,NaN,NaN,NaN,NaN,NaN,NaN,-0.142295,-0.421567,NaN,NaN,NaN,NaN,NaN,NaN,NaN,NaN,NaN,NaN,NaN,NaN,NaN,NaN,NaN,NaN,NaN,NaN,0.31958,NaN,NaN,NaN,0.095566,NaN,NaN,NaN,NaN,NaN,NaN,NaN,NaN,NaN,NaN,NaN,-0.0786214,NaN,NaN,NaN,NaN,NaN,0.848796,NaN,-0.437474,NaN,NaN,NaN,NaN,NaN,NaN,NaN,-0.795406,NaN,-0.432814,NaN,NaN,NaN,NaN,NaN,NaN,NaN,NaN,NaN,NaN,NaN,NaN,NaN,NaN,NaN,NaN,NaN,NaN,0.775361,-0.936102,NaN,NaN,NaN,NaN,NaN,NaN,NaN,NaN,NaN,NaN,NaN,NaN,NaN,NaN,NaN,0.936949,0.813291,0.978298,0.977416,0.745912,0.857681,0,NaN,NaN,NaN,-0.538565,NaN,NaN,NaN,NaN,NaN,NaN,NaN,NaN,NaN,NaN,NaN,NaN,180
35.2053,75.6389,116.132,NaN,NaN,NaN,NaN,NaN,0.508681,NaN,NaN,NaN,NaN,NaN,NaN,NaN,NaN,NaN,NaN,NaN,NaN,NaN,NaN,NaN,NaN,NaN,NaN,-0.265256,-0.869672,NaN,NaN,NaN,NaN,NaN,NaN,NaN,-0.7879,NaN,NaN,NaN,NaN,NaN,NaN,NaN,NaN,NaN,NaN,NaN,NaN,NaN,NaN,NaN,NaN,NaN,NaN,NaN,NaN,NaN,0.487627,NaN,NaN,NaN,NaN,NaN,NaN,NaN,NaN,NaN,NaN,NaN,NaN,NaN,NaN,NaN,NaN,NaN,NaN,NaN,NaN,NaN,NaN,NaN,NaN,0.372685,-0.155384,NaN,NaN,NaN,NaN,NaN,NaN,NaN,-0.744666,NaN,NaN,NaN,NaN,NaN,NaN,NaN,NaN,NaN,0.706563,NaN,NaN,0.5955,NaN,NaN,NaN,NaN,0.267636,-0.150501,NaN,0.660635,NaN,NaN,NaN,NaN,NaN,NaN,NaN,NaN,NaN,0,0.983532,0.97495,0.803675,0.79149,0.939719,0.622768,0.214168,NaN,NaN,NaN,NaN,NaN,NaN,NaN,NaN,182
54.2316,73.1044,119.238,0.898037,NaN,NaN,NaN,NaN,NaN,NaN,NaN,NaN,NaN,-0.0771524,0.95003,NaN,NaN,NaN,NaN,NaN,NaN,NaN,NaN,NaN,NaN,NaN,NaN,NaN,0.292733,0.939379,NaN,NaN,NaN,NaN,NaN,NaN,NaN,NaN,NaN,NaN,NaN,-0.592332,-0.855073,NaN,NaN,NaN,NaN,NaN,NaN,NaN,NaN,NaN,NaN,NaN,NaN,NaN,NaN,0.486073,NaN,NaN,NaN,NaN,NaN,NaN,NaN,NaN,NaN,NaN,NaN,NaN,NaN,NaN,NaN,NaN,NaN,NaN,NaN,NaN,NaN,NaN,NaN,NaN,NaN,NaN,NaN,NaN,NaN,NaN,NaN,NaN,NaN,NaN,NaN,NaN,NaN,NaN,NaN,NaN,NaN,NaN,NaN,NaN,NaN,NaN,0.92689,-0.695281,NaN,NaN,NaN,NaN,NaN,NaN,NaN,NaN,NaN,NaN,NaN,NaN,NaN,NaN,NaN,NaN,NaN,0.983532,0,0.935919,0.887834,0.699598,0.559374,0.88164,0.792209,NaN,NaN,NaN,NaN,NaN,NaN,NaN,NaN,184
70.5781,64.9564,118.605,NaN,NaN,-0.888126,NaN,NaN,NaN,NaN,-0.184251,NaN,0.60781,NaN,NaN,NaN,NaN,NaN,NaN,NaN,NaN,NaN,NaN,NaN,NaN,NaN,NaN,NaN,NaN,NaN,NaN,NaN,NaN,NaN,NaN,NaN,0.382034,NaN,NaN,NaN,NaN,NaN,NaN,0.393979,NaN,NaN,NaN,NaN,NaN,NaN,NaN,-0.834615,NaN,0.753323,NaN,NaN,NaN,NaN,NaN,NaN,NaN,NaN,NaN,NaN,NaN,NaN,NaN,NaN,NaN,NaN,NaN,NaN,NaN,NaN,NaN,NaN,NaN,NaN,NaN,-0.427483,NaN,NaN,NaN,NaN,NaN,NaN,NaN,NaN,NaN,NaN,NaN,NaN,NaN,NaN,0.0456447,NaN,NaN,NaN,NaN,-0.857099,NaN,NaN,NaN,NaN,0.606253,NaN,NaN,NaN,NaN,NaN,NaN,NaN,NaN,NaN,NaN,NaN,NaN,-0.368346,0.481422,NaN,NaN,NaN,NaN,0.97495,0.935919,0,0.797881,0.919375,0.914281,0.903513,0.937242,NaN,NaN,NaN,NaN,NaN,NaN,NaN,NaN,185
59.5299,46.5709,116.197,0.624395,NaN,NaN,0.46581,NaN,NaN,NaN,NaN,-0.117123,NaN,NaN,NaN,-0.933494,NaN,NaN,NaN,NaN,0.799555,NaN,NaN,NaN,-0.889861,NaN,NaN,0.347556,NaN,NaN,NaN,NaN,-0.68759,NaN,NaN,NaN,NaN,-0.697277,NaN,NaN,NaN,NaN,NaN,NaN,NaN,NaN,NaN,NaN,NaN,NaN,NaN,NaN,-0.813267,0.686976,NaN,NaN,NaN,NaN,NaN,NaN,NaN,NaN,NaN,NaN,NaN,NaN,NaN,0.70174,NaN,NaN,NaN,-0.267865,NaN,NaN,NaN,NaN,NaN,NaN,NaN,NaN,NaN,NaN,NaN,NaN,NaN,NaN,NaN,NaN,NaN,NaN,0.994481,NaN,NaN,NaN,NaN,-0.850788,0.487272,NaN,NaN,NaN,NaN,NaN,NaN,NaN,NaN,NaN,NaN,NaN,NaN,NaN,NaN,NaN,NaN,0.597492,-0.686227,NaN,NaN,NaN,NaN,NaN,NaN,NaN,-0.538565,0.803675,0.887834,0.797881,0,0.834708,0.972818,0.604149,0.237178,NaN,0.829318,NaN,NaN,0.783887,NaN,NaN,NaN,186
22.4666,35.6844,118.404,NaN,0.879297,NaN,NaN,NaN,NaN,NaN,NaN,NaN,NaN,NaN,NaN,NaN,NaN,NaN,NaN,NaN,NaN,NaN,NaN,NaN,NaN,NaN,NaN,NaN,NaN,NaN,NaN,NaN,NaN,NaN,NaN,NaN,NaN,NaN,NaN,NaN,NaN,NaN,NaN,NaN,NaN,NaN,NaN,NaN,NaN,NaN,-0.596378,NaN,NaN,NaN,NaN,NaN,-0.977799,NaN,NaN,NaN,-0.948981,-0.964139,NaN,0.541741,NaN,NaN,NaN,NaN,NaN,NaN,NaN,NaN,-0.991763,NaN,NaN,NaN,0.0967359,NaN,NaN,NaN,NaN,NaN,NaN,NaN,NaN,NaN,NaN,NaN,NaN,NaN,NaN,NaN,NaN,NaN,NaN,NaN,NaN,NaN,NaN,NaN,NaN,NaN,NaN,NaN,NaN,NaN,NaN,NaN,NaN,NaN,NaN,NaN,NaN,-0.689525,NaN,NaN,NaN,NaN,NaN,NaN,-0.774127,NaN,NaN,0.79149,0.699598,0.919375,0.834708,0,0.94009,0.944403,0.445187,NaN,NaN,NaN,NaN,NaN,0.198003,NaN,NaN,187
69.9019,68.3169,119.126,NaN,NaN,NaN,-0.901255,NaN,NaN,NaN,NaN,NaN,NaN,NaN,NaN,NaN,NaN,NaN,NaN,NaN,NaN,NaN,NaN,NaN,NaN,NaN,NaN,NaN,0.513615,NaN,NaN,NaN,NaN,NaN,NaN,NaN,NaN,NaN,NaN,NaN,NaN,NaN,NaN,0.648625,NaN,NaN,NaN,NaN,NaN,NaN,NaN,NaN,NaN,NaN,NaN,NaN,NaN,NaN,NaN,NaN,NaN,NaN,NaN,NaN,NaN,NaN,NaN,NaN,NaN,NaN,NaN,NaN,NaN,NaN,NaN,NaN,NaN,NaN,NaN,NaN,NaN,NaN,-0.963808,NaN,0.927376,NaN,NaN,NaN,NaN,NaN,NaN,NaN,NaN,NaN,NaN,NaN,NaN,NaN,NaN,NaN,NaN,NaN,NaN,NaN,NaN,NaN,NaN,NaN,NaN,NaN,NaN,NaN,NaN,NaN,NaN,NaN,NaN,NaN,NaN,NaN,NaN,NaN,NaN,0.939719,0.559374,0.914281,0.972818,0.94009,0,0.86806,0.928484,NaN,NaN,NaN,NaN,NaN,NaN,NaN,NaN,188
34.8226,99.5386,118.752,NaN,NaN,NaN,NaN,NaN,NaN,NaN,NaN,NaN,0.240375,NaN,NaN,NaN,NaN,NaN,0.185824,NaN,NaN,NaN,NaN,NaN,NaN,NaN,NaN,NaN,NaN,NaN,-0.722584,NaN,NaN,NaN,NaN,-0.506766,NaN,NaN,0.589081,NaN,NaN,NaN,NaN,NaN,NaN,NaN,NaN,NaN,NaN,NaN,NaN,NaN,NaN,0.120912,NaN,NaN,NaN,NaN,NaN,NaN,NaN,NaN,NaN,NaN,NaN,NaN,NaN,NaN,NaN,NaN,-0.0230343,NaN,NaN,NaN,NaN,NaN,NaN,NaN,NaN,NaN,NaN,NaN,NaN,NaN,NaN,NaN,-0.950739,NaN,NaN,0.453156,NaN,NaN,NaN,NaN,NaN,NaN,NaN,-0.123029,NaN,NaN,NaN,NaN,-0.853039,0.551123,NaN,NaN,NaN,-0.587681,NaN,NaN,NaN,NaN,NaN,NaN,NaN,NaN,NaN,NaN,NaN,NaN,NaN,NaN,NaN,0.622768,0.88164,0.903513,0.604149,0.944403,0.86806,0,-0.00431323,NaN,NaN,NaN,NaN,NaN,NaN,NaN,NaN,189
30.9635,41.5259,119.149,NaN,NaN,NaN,NaN,NaN,NaN,NaN,NaN,NaN,NaN,NaN,NaN,NaN,NaN,NaN,NaN,NaN,NaN,-0.71341,NaN,-0.25388,NaN,NaN,NaN,NaN,NaN,NaN,NaN,0.749527,NaN,NaN,NaN,NaN,NaN,NaN,NaN,NaN,NaN,NaN,NaN,NaN,NaN,NaN,NaN,NaN,NaN,NaN,NaN,NaN,NaN,NaN,NaN,NaN,NaN,NaN,NaN,NaN,NaN,NaN,NaN,NaN,NaN,NaN,NaN,NaN,NaN,NaN,NaN,NaN,NaN,NaN,NaN,NaN,NaN,NaN,NaN,NaN,NaN,NaN,NaN,NaN,NaN,NaN,-0.924812,NaN,NaN,NaN,NaN,NaN,NaN,NaN,NaN,NaN,NaN,0.773572,NaN,NaN,NaN,NaN,NaN,NaN,NaN,NaN,NaN,NaN,NaN,NaN,NaN,NaN,NaN,NaN,NaN,NaN,NaN,0.429565,NaN,NaN,NaN,NaN,NaN,0.214168,0.792209,0.937242,0.237178,0.445187,0.928484,-0.00431323,0,NaN,NaN,NaN,NaN,NaN,NaN,NaN,NaN,190
93.8162,101.181,187.804,NaN,NaN,NaN,NaN,NaN,NaN,NaN,NaN,NaN,NaN,-0.135753,NaN,NaN,-0.302165,NaN,NaN,NaN,NaN,NaN,NaN,NaN,NaN,NaN,NaN,NaN,-0.22553,NaN,NaN,NaN,NaN,NaN,NaN,NaN,NaN,NaN,NaN,NaN,NaN,NaN,NaN,NaN,NaN,NaN,NaN,NaN,NaN,NaN,NaN,NaN,NaN,NaN,NaN,NaN,NaN,NaN,NaN,NaN,NaN,NaN,NaN,NaN,-0.697881,NaN,NaN,NaN,NaN,NaN,NaN,0.967184,NaN,NaN,NaN,NaN,NaN,NaN,NaN,NaN,NaN,NaN,NaN,NaN,NaN,NaN,NaN,NaN,NaN,NaN,NaN,NaN,NaN,NaN,NaN,NaN,NaN,NaN,NaN,NaN,NaN,NaN,NaN,NaN,0.0917482,NaN,NaN,NaN,NaN,-0.867419,0.188816,NaN,NaN,NaN,NaN,0.719967,NaN,NaN,NaN,NaN,NaN,NaN,NaN,NaN,NaN,NaN,NaN,NaN,NaN,NaN,NaN,0,0.971987,0.896256,0.96309,0.733124,0.735108,0.726167,0.96511,191
85.228,41.9775,189.696,NaN,0.110471,NaN,NaN,NaN,NaN,NaN,NaN,NaN,NaN,NaN,NaN,NaN,NaN,NaN,NaN,NaN,NaN,NaN,NaN,NaN,NaN,NaN,NaN,NaN,NaN,NaN,-0.102336,NaN,NaN,-0.62132,NaN,NaN,0.103526,-0.930741,NaN,NaN,NaN,NaN,NaN,NaN,NaN,NaN,NaN,NaN,NaN,NaN,NaN,NaN,NaN,NaN,-0.518022,NaN,NaN,NaN,NaN,0.486371,NaN,NaN,NaN,NaN,NaN,NaN,NaN,-0.526503,NaN,NaN,NaN,NaN,NaN,NaN,NaN,NaN,NaN,NaN,NaN,-0.624869,NaN,NaN,NaN,NaN,NaN,NaN,NaN,-0.863112,NaN,NaN,NaN,NaN,0.766367,NaN,NaN,NaN,NaN,0.540427,NaN,-0.828263,NaN,NaN,0.641128,NaN,NaN,NaN,NaN,NaN,NaN,NaN,NaN,NaN,NaN,NaN,NaN,NaN,0.143607,-0.763572,0.608798,NaN,NaN,NaN,NaN,NaN,NaN,NaN,0.829318,NaN,NaN,NaN,NaN,0.971987,0,0.479709,0.891113,0.731176,0.255727,0.841914,0.960521,192
12.2371,47.4112,188.681,NaN,NaN,NaN,NaN,NaN,NaN,NaN,NaN,NaN,NaN,NaN,NaN,NaN,NaN,NaN,NaN,0.707208,NaN,NaN,NaN,NaN,NaN,NaN,NaN,NaN,NaN,0.44008,NaN,NaN,NaN,NaN,NaN,NaN,NaN,0.246238,NaN,NaN,NaN,NaN,NaN,0.985332,NaN,NaN,NaN,NaN,NaN,-0.10772,NaN,NaN,0.867261,NaN,NaN,NaN,NaN,0.675699,NaN,NaN,NaN,NaN,NaN,0.368987,NaN,NaN,0.31324,NaN,NaN,NaN,NaN,NaN,NaN,NaN,NaN,NaN,NaN,0.110006,NaN,NaN,NaN,-0.831877,NaN,NaN,NaN,0.651544,NaN,-0.265036,NaN,NaN,NaN,-0.844514,NaN,NaN,NaN,NaN,0.324957,NaN,NaN,NaN,0.99628,NaN,NaN,NaN,NaN,0.107659,NaN,NaN,NaN,NaN,NaN,NaN,NaN,NaN,NaN,NaN,NaN,NaN,NaN,NaN,NaN,NaN,NaN,NaN,NaN,NaN,NaN,NaN,NaN,NaN,NaN,0.896256,0.479709,0,0.834434,0.621072,0.871891,0.836525,0.943353,193
104.825,105.508,187.436,NaN,0.236581,NaN,-0.526275,NaN,NaN,NaN,0.651716,NaN,-0.256744,NaN,NaN,NaN,NaN,-0.228721,NaN,NaN,NaN,NaN,NaN,NaN,NaN,NaN,0.850483,0.543625,NaN,NaN,-0.769993,NaN,NaN,NaN,NaN,NaN,NaN,NaN,NaN,NaN,NaN,NaN,NaN,NaN,NaN,NaN,NaN,NaN,NaN,NaN,NaN,NaN,NaN,NaN,-0.0874329,NaN,-0.183013,NaN,NaN,NaN,NaN,NaN,NaN,0.856133,NaN,NaN,NaN,NaN,NaN,-0.933635,NaN,NaN,NaN,NaN,NaN,NaN,-0.966558,NaN,NaN,NaN,NaN,NaN,NaN,NaN,NaN,NaN,NaN,NaN,NaN,-0.647927,NaN,NaN,NaN,NaN,NaN,NaN,0.546748,NaN,NaN,NaN,NaN,NaN,NaN,NaN,NaN,NaN,NaN,NaN,NaN,NaN,NaN,NaN,NaN,NaN,NaN,NaN,NaN,NaN,NaN,NaN,NaN,NaN,NaN,NaN,NaN,NaN,NaN,NaN,NaN,NaN,NaN,0.96309,0.891113,0.834434,0,0.660069,0.924837,0.409427,0.627046,195
80.2315,17.7232,188.039,NaN,0.797918,NaN,NaN,NaN,NaN,NaN,NaN,NaN,NaN,NaN,NaN,NaN,NaN,NaN,-0.398517,0.795469,NaN,NaN,0.0682554,0.483238,NaN,NaN,NaN,NaN,-0.946816,NaN,NaN,NaN,NaN,NaN,NaN,NaN,NaN,NaN,NaN,NaN,NaN,NaN,NaN,NaN,NaN,NaN,NaN,NaN,NaN,-0.694308,NaN,NaN,NaN,NaN,NaN,NaN,NaN,0.226231,NaN,NaN,NaN,NaN,0.0668853,NaN,NaN,NaN,NaN,0.322639,NaN,NaN,NaN,NaN,NaN,NaN,NaN,NaN,NaN,0.0180417,NaN,NaN,NaN,NaN,NaN,NaN,NaN,NaN,NaN,NaN,NaN,NaN,NaN,NaN,NaN,NaN,NaN,NaN,NaN,NaN,NaN,NaN,NaN,NaN,NaN,NaN,NaN,NaN,NaN,NaN,-0.00388125,NaN,NaN,NaN,NaN,NaN,NaN,NaN,NaN,NaN,NaN,-0.49657,NaN,NaN,NaN,NaN,NaN,NaN,0.783887,NaN,NaN,NaN,NaN,0.733124,0.731176,0.621072,0.660069,0,0.877263,0.723574,0.65698,196
30.5982,106.483,186.69,NaN,NaN,NaN,NaN,NaN,0.313056,NaN,NaN,NaN,0.935319,NaN,NaN,NaN,0.935163,NaN,NaN,NaN,NaN,NaN,NaN,NaN,NaN,NaN,NaN,NaN,NaN,NaN,NaN,0.447306,NaN,NaN,NaN,NaN,NaN,NaN,NaN,0.464322,NaN,NaN,NaN,NaN,NaN,NaN,NaN,-0.325239,-0.835015,NaN,-0.0907471,NaN,NaN,NaN,0.869065,NaN,NaN,NaN,NaN,-0.619003,NaN,0.0294727,NaN,NaN,NaN,NaN,NaN,0.906797,NaN,-0.395796,-0.677334,NaN,NaN,NaN,NaN,NaN,0.509716,NaN,NaN,-0.13944,NaN,NaN,NaN,NaN,NaN,NaN,NaN,NaN,NaN,NaN,NaN,NaN,NaN,NaN,NaN,NaN,NaN,NaN,NaN,NaN,-0.172872,NaN,NaN,NaN,NaN,NaN,NaN,NaN,NaN,NaN,NaN,NaN,NaN,NaN,NaN,NaN,-0.859785,NaN,NaN,NaN,NaN,NaN,NaN,NaN,NaN,NaN,NaN,0.198003,NaN,NaN,NaN,0.735108,0.255727,0.871891,0.924837,0.877263,0,0.68269,0.922798,197
42.9051,48.3745,188.508,-0.684347,NaN,NaN,NaN,NaN,NaN,NaN,NaN,NaN,NaN,NaN,NaN,NaN,NaN,NaN,NaN,-0.525363,NaN,NaN,NaN,NaN,-0.670426,NaN,NaN,0.49757,NaN,NaN,NaN,NaN,NaN,NaN,NaN,NaN,NaN,NaN,NaN,NaN,NaN,-0.59121,NaN,NaN,NaN,NaN,NaN,NaN,NaN,NaN,NaN,NaN,NaN,NaN,NaN,NaN,NaN,NaN,NaN,NaN,NaN,NaN,NaN,NaN,NaN,NaN,NaN,NaN,NaN,NaN,NaN,NaN,NaN,NaN,NaN,NaN,NaN,NaN,NaN,NaN,0.994445,NaN,-0.602885,-0.718001,-0.612279,NaN,0.0537634,NaN,-0.304087,NaN,NaN,NaN,NaN,0.567778,NaN,NaN,NaN,NaN,NaN,NaN,NaN,NaN,NaN,-0.417658,NaN,NaN,NaN,NaN,NaN,-0.316394,NaN,NaN,0.0765767,NaN,NaN,NaN,NaN,NaN,NaN,NaN,NaN,0.271476,NaN,NaN,NaN,NaN,NaN,NaN,NaN,NaN,NaN,0.726167,0.841914,0.836525,0.409427,0.723574,0.68269,0,0.820519,198
63.2207,77.8891,188.345,NaN,NaN,NaN,NaN,NaN,NaN,NaN,NaN,NaN,NaN,NaN,NaN,NaN,NaN,NaN,NaN,NaN,NaN,NaN,NaN,NaN,NaN,NaN,NaN,NaN,NaN,NaN,NaN,NaN,NaN,NaN,NaN,NaN,NaN,0.0580061,NaN,NaN,NaN,NaN,NaN,NaN,NaN,NaN,NaN,NaN,0.110366,NaN,NaN,NaN,NaN,NaN,NaN,NaN,NaN,NaN,NaN,NaN,NaN,NaN,NaN,NaN,NaN,NaN,NaN,NaN,NaN,NaN,NaN,NaN,NaN,NaN,NaN,NaN,NaN,NaN,NaN,NaN,NaN,NaN,NaN,NaN,NaN,NaN,0.708603,NaN,NaN,NaN,NaN,NaN,NaN,NaN,NaN,NaN,NaN,NaN,0.735858,NaN,NaN,-0.452682,NaN,NaN,-0.711027,-0.813958,NaN,NaN,NaN,0.53631,NaN,NaN,NaN,NaN,NaN,NaN,NaN,NaN,NaN,NaN,-0.820832,NaN,NaN,NaN,NaN,NaN,NaN,NaN,NaN,NaN,NaN,0.96511,0.960521,0.943353,0.627046,0.65698,0.922798,0.820519,0